id,questionnaire_no,date,gid,v1_sex,v2_gen,v3_hokkaido,v3_hokkaido_resi,v3_not_hokkaido_resi,v4_hokkaido_visits,v5_companions_cnt,v6_kaminoko_visits,v7_web,v7_other_web,v7_web_reviews,v7_tv,v7_travel_agency,v7_magazine,v7_companion_suggestion,v7_non_companion_info,v8_scenery_expectation,v8_general_expectation,v9_scenery_satisfaction,v9_access_satisfaction,v9_facility_satisfaction,v9_tourist_spot_satisfaction,v9_general_satisfaction,v10_kaminoko_scenery_satis,v10_kaminoko_silence_satis,v10_kaminoko_forest_satis,v10_kaminoko_achievement_satis,v11_revisit_intention,q12_interact_by_event,q12_interact_by_market,q12_interact_by_guesthouse,q12_unwilling_to_interact,q12_unaware_of_location,v13_citizen_consumer,q14_bid1_wtp,q14_bid1,v14_bid2_yes_wtp,v14_bid2_yes,v14_bid2_no_wtp,v14_bid2_no,v14_no_need_for_maintenance,v14_lack_of_attractiveness,v14_high_fee
1,1,6月14-15日,不明,男性,20代,道外,NA,大阪府,1,3,NA,0,0,0,0,0,0,1,0,10,10,9,7,4,8,10,NA,NA,NA,NA,近くに来る機会を積極的に作って再訪したい,0,1,0,0,1,2,500,支払う,1000,支払わない,300,NA,0,0,1
2,2,6月14-15日,NA,女性,50代,道外,NA,大阪府,1,3,1,0,0,0,0,0,1,0,0,5,5,10,10,7,3,10,NA,NA,NA,NA,近くに来る機会があったら再訪したい,1,0,0,0,0,1,300,NA,500,支払わない,100,NA,0,0,0
3,3,6月14-15日,ない,女性,20代,道外,ない,東京都,3,3,1,0,0,0,0,0,1,0,0,5,5,10,10,7,4,10,NA,NA,NA,NA,近くに来る機会があったら再訪したい,0,1,1,0,0,2,100,支払う,300,支払う,50,NA,0,0,0
4,4,6月14-15日,不明,女性,50代,道内,北見市,NA,NA,2,3回目以上,1,0,1,1,0,0,0,0,10,10,7,5,5,7,8,NA,NA,NA,NA,近くに来る機会があったら再訪したい,0,1,0,0,0,1,300,NA,500,支払う,100,支払う,0,0,0
5,5,6月14-15日,不明,男性,40代,道内,北見市,NA,NA,2,3回目以上,0,0,0,0,0,0,0,0,10,10,10,10,1,1,10,NA,NA,NA,NA,近くに来る機会があったら再訪したい,0,0,1,0,0,1,500,支払う,1000,支払う,300,NA,0,0,0
6,6,6月14-15日,不明,NA,60代,道内,札幌市,NA,NA,2,1,0,0,0,0,0,1,0,0,10,10,10,5,5,8,10,NA,NA,NA,NA,近くに来る機会を積極的に作って再訪したい,0,1,0,0,0,1,1000,支払う,1500,支払わない,500,NA,0,0,1
7,7,6月14-15日,不明,男性,60代,道内,札幌市,NA,NA,2,1,0,0,0,0,0,0,0,0,8,8,8,3,2,8,8,NA,NA,NA,NA,近くに来る機会があったら再訪したい,0,1,0,0,1,2,300,支払わない,500,NA,100,支払う,0,0,1
8,8,6月14-15日,不明,女性,50代,道外,NA,東京,4回目以上,2,1,1,0,1,0,0,0,0,0,7,10,10,8,8,3,9,NA,NA,NA,NA,近くに来る機会があったら再訪したい,0,1,0,0,0,1,100,NA,300,支払わない,50,支払わない,0,0,1
9,9,6月14-15日,NA,男性,50代,道外,NA,東京都,4回目以上,2,1,0,0,0,0,0,0,0,1,7,7,10,7,8,5,8,NA,NA,NA,NA,近くに来る機会があったら再訪したい,0,1,0,0,1,2,1000,支払う,1500,支払う,500,NA,0,0,0
10,10,6月14-15日,NA,NA,50代,道内,帯広市,NA,1,2,1,1,0,0,0,0,0,0,0,8,8,8,8,5,8,8,NA,NA,NA,NA,近くに来る機会を積極的に作って再訪したい,0,1,0,0,0,2,300,支払う,500,支払う,100,NA,0,0,0
11,11,6月14-15日,1,女性,40代,道外,NA,岩手県,4回目以上,2,1,0,0,0,0,0,0,0,1,8,8,10,8,6,8,10,NA,NA,NA,NA,近くに来る機会があったら再訪したい,0,1,0,0,0,1,500,支払う,1000,支払わない,300,NA,1,0,0
12,12,6月14-15日,1,NA,40代,道内,札幌市,NA,NA,2,2,0,0,1,0,0,0,0,1,8,8,8,8,8,8,8,NA,NA,NA,NA,近くに来る機会があったら再訪したい,0,0,0,0,1,2,100,支払う,300,支払わない,50,NA,0,0,1
13,13,6月14-15日,NA,男性,30代,道内,札幌市,NA,NA,2,2,0,0,0,0,0,0,1,0,10,10,10,10,10,10,10,NA,NA,NA,NA,近くに来る機会があったら再訪したい,0,0,0,0,1,2,300,支払う,500,支払わない,100,NA,0,0,0
14,14,6月14-15日,不明,女性,30代,道内,NA,NA,NA,2,1,0,0,1,0,0,0,0,0,8,10,10,7,7,7,8,NA,NA,NA,NA,近くに来る機会があったら再訪したい,0,0,0,0,1,1,1000,支払う,1500,支払う,500,NA,0,0,0
15,15,6月14-15日,不明,男性,20代,道内,北見市,NA,NA,3,1,0,0,0,0,0,0,1,0,7,5,9,3,3,6,7,NA,NA,NA,NA,近くに来る機会があったら再訪したい,0,1,0,0,0,1,300,支払わない,500,NA,100,支払う,0,0,0
16,16,6月14-15日,不明,女性,50代,道外,ない,愛知県,2,3,1,0,0,1,0,0,1,0,0,7,7,9,5,5,5,10,NA,NA,NA,NA,近くに来る機会があったら再訪したい,0,0,0,0,1,1,1000,支払う,1500,支払わない,500,NA,0,0,0
17,17,6月14-15日,NA,男性,50代,道外,未解答,愛知県,2,3,1,0,0,1,0,0,1,0,1,8,9,9,9,8,8,9,NA,NA,NA,NA,近くに来る機会があったら再訪したい,0,0,0,0,0,2,1000,支払う,1500,支払わない,500,支払う,0,0,0
18,18,6月14-15日,NA,男性,20代,道外,未解答,東京都,2,2,1,0,0,1,0,0,1,0,0,9,9,9,9,8,8,9,NA,NA,NA,NA,近くに来る機会があったら再訪したい,0,1,0,0,0,1,100,支払わない,300,NA,50,支払う,0,0,0
19,19,6月14-15日,NA,女性,20代,道外,未解答,鳥取県,1,2,1,0,0,0,0,0,1,0,0,5,5,6,4,4,2,6,NA,NA,NA,NA,近くに来る機会があっても再訪したいとは思わない,0,0,0,1,0,2,100,支払う,300,支払う,50,NA,0,0,0
20,20,6月14-15日,☆,女性,20代,道内,東藻琴,NA,NA,2,1,0,0,0,0,0,0,0,1,8,8,10,5,8,7,9,NA,NA,NA,NA,近くに来る機会があったら再訪したい,1,0,0,0,0,2,1000,NA,1500,支払う,500,NA,0,0,0
21,21,6月14-15日,B,女性,40代,道内,旭川,NA,NA,2,NA,0,0,0,0,0,0,0,0,10,10,10,10,10,10,10,NA,NA,NA,NA,近くに来る機会があったら再訪したい,0,0,0,1,0,2,1000,支払わない,1500,NA,500,支払う,1,0,0
22,22,6月14-15日,NA,男性,50代,道内,旭川,NA,NA,2,1,0,0,0,0,0,0,1,0,7,7,8,8,5,7,8,NA,NA,NA,NA,近くに来る機会があったら再訪したい,1,1,1,0,0,1,1000,NA,1500,支払わない,500,支払う,0,0,1
23,23,6月14-15日,NA,女性,30代,道外,NA,兵庫県,1,3,1,0,0,0,0,0,0,0,1,10,8,10,1,3,8,10,NA,NA,NA,NA,近くに来る機会があったら再訪したい,1,0,0,0,0,2,300,支払う,500,支払わない,100,NA,0,0,0
24,24,6月14-15日,NA,女性,40代,道内,中標津,NA,NA,3,2,0,0,0,0,0,0,1,0,10,10,10,1,5,5,5,NA,NA,NA,NA,近くに来る機会があったら再訪したい,1,0,1,0,0,2,100,支払う,300,支払う,50,NA,0,0,0
25,25,6月14-15日,NA,男性,40代,道外,ない,東京都,4回目以上,4,3回目以上,0,0,0,0,0,0,0,0,2,3,2,2,3,8,3,NA,NA,NA,NA,近くに来る機会があったら再訪したい,0,0,0,1,0,2,100,支払う,300,支払う,50,NA,0,0,0
26,26,6月14-15日,NA,男性,50代,道外,NA,千葉,4回目以上,1,3回目以上,0,1,0,0,0,0,0,0,8,8,7,6,6,6,7,NA,NA,NA,NA,近くに来る機会があったら再訪したい,0,1,0,0,0,1,500,支払う,1000,支払わない,300,支払わない,0,1,0
27,27,6月14-15日,NA,女性,20代,道内,釧路市,NA,NA,2,1,0,0,0,0,0,0,1,0,8,8,8,7,7,5,7,NA,NA,NA,NA,近くに来る機会があったら再訪したい,0,0,0,0,1,2,500,支払う,1000,支払う,300,NA,0,0,0
28,28,6月14-15日,NA,NA,30代,道内,釧路市,NA,NA,2,2,0,0,0,0,0,0,0,0,6,5,8,6,5,2,7,NA,NA,NA,NA,近くに来る機会があったら再訪したい,0,1,0,0,0,2,500,支払う,1000,支払わない,300,NA,0,0,0
29,29,6月14-15日,NA,NA,50代,道内,音更町,NA,NA,2,1,0,0,0,0,0,0,0,1,8,8,10,10,5,8,9,NA,NA,NA,NA,近くに来る機会があったら再訪したい,0,0,0,0,1,2,1000,支払う,1500,支払わない,500,NA,0,0,0
30,30,6月14-15日,なし,男性,60代,道外,なし,大阪府,1,1,1,0,0,0,0,0,1,0,0,8,8,8,4,4,5,5,NA,NA,NA,NA,近くに来る機会があったら再訪したい,1,0,0,0,0,1,100,支払う,300,支払わない,50,NA,0,0,1
31,31,6月14-15日,A,男性,60代,道外,なし,神奈川,4回目以上,2,NA,0,0,0,0,0,0,0,0,10,10,9,10,8,5,10,NA,NA,NA,NA,近くに来る機会があったら再訪したい,1,0,0,0,0,1,1000,支払う,1500,支払う,500,NA,0,0,0
32,32,6月14-15日,NA,女性,50代,道外,NA,神奈川県,4回目以上,2,1,0,0,1,0,0,0,0,0,10,10,10,10,1,5,8,NA,NA,NA,NA,近くに来る機会があったら再訪したい,0,1,0,0,0,2,1000,支払う,1500,支払わない,500,NA,0,0,1
33,33,6月14-15日,NA,女性,20代,道内,札幌,NA,NA,7,1,0,0,0,0,0,0,0,0,7,7,10,8,6,5,8,NA,NA,NA,NA,近くに来る機会があったら再訪したい,0,0,0,1,0,2,100,支払う,300,支払わない,50,NA,0,0,0
34,34,6月14-15日,NA,男性,20代,道内,札幌,NA,NA,7,1,0,0,0,0,0,0,1,0,5,5,10,10,7,5,10,NA,NA,NA,NA,近くに来る機会があったら再訪したい,0,1,0,0,0,1,300,支払う,500,支払う,100,NA,0,0,0
35,35,6月14-15日,0,女性,50代,道内,苫小牧,NA,4回目以上,2,3回目以上,0,0,0,0,0,0,0,0,10,10,10,10,6,10,10,NA,NA,NA,NA,すでに再訪の予定がある,0,1,0,0,0,2,500,支払う,1000,支払う,300,NA,0,0,0
36,36,6月14-15日,不明,NA,50代,道内,旭川市,NA,NA,2,3回目以上,0,0,0,0,0,0,1,0,10,10,10,10,6,7,8,NA,NA,NA,NA,近くに来る機会があったら再訪したい,1,0,0,0,0,1,500,NA,1000,支払わない,300,支払う,1,0,0
37,37,6月14-15日,不明,女性,20代,道内,帯広市,NA,4回目以上,4,1,0,0,0,0,0,0,1,0,7,4,6,2,5,2,6,NA,NA,NA,NA,近くに来る機会があったら再訪したい,0,1,0,0,1,1,1000,支払う,1500,支払わない,500,NA,0,0,0
38,38,6月14-15日,NA,女性,20代,道内,帯広,NA,4回目以上,4,1,0,0,1,0,0,0,0,0,8,8,7,2,1,2,5,NA,NA,NA,NA,近くに来る機会があったら再訪したい,0,1,1,0,0,2,300,支払わない,500,NA,100,支払わない,0,0,1
39,39,6月14-15日,NA,女性,50代,道内,帯広市,NA,4回目以上,4,1,0,0,0,0,0,0,1,0,1,1,1,5,5,5,1,NA,NA,NA,NA,近くに来る機会があったら再訪したい,0,1,0,0,0,2,500,支払う,1000,支払う,300,NA,0,0,0
40,40,6月14-15日,NA,女性,70代以上,道外,NA,長野県白馬村,4回目以上,1,1,0,0,0,0,0,1,0,0,10,10,10,8,8,8,10,NA,NA,NA,NA,近くに来る機会があったら再訪したい,0,0,1,0,0,1,300,支払う,500,支払わない,100,NA,0,0,1
41,41,6月14-15日,NA,男性,10代,道内,網走,NA,NA,6,1,0,0,0,0,0,0,0,0,7,8,8,10,6,6,8,NA,NA,NA,NA,近くに来る機会があったら再訪したい,0,1,0,0,0,1,100,支払う,300,支払わない,50,NA,0,0,0
42,42,6月14-15日,NA,男性,50代,道内,網走,NA,NA,6,1,0,0,0,0,0,0,0,0,4,5,4,7,7,5,5,NA,NA,NA,NA,近くに来る機会があったら再訪したい,0,1,0,0,0,2,500,支払う,1000,支払わない,300,NA,1,0,0
43,43,6月14-15日,NA,女性,40代,道内,網走,NA,NA,6,1,1,0,1,0,0,0,0,0,10,8,10,8,7,7,9,NA,NA,NA,NA,近くに来る機会があったら再訪したい,1,1,0,0,0,1,1000,支払う,1500,支払わない,500,NA,0,0,0
44,44,6月14-15日,NA,男性,40代,道外,NA,埼玉,4回目以上,5,1,0,0,0,0,0,0,0,0,10,10,10,5,5,5,10,NA,NA,NA,NA,近くに来る機会があったら再訪したい,0,0,1,0,0,1,1000,支払う,1500,支払う,500,NA,0,0,0
45,45,6月14-15日,NA,女性,30代,道外,NA,埼玉,4回目以上,5,1,0,0,0,0,0,0,0,0,8,10,10,7,10,7,10,NA,NA,NA,NA,近くに来る機会があったら再訪したい,0,0,0,0,1,2,1000,支払う,1500,支払わない,500,NA,0,0,0
46,46,6月14-15日,NA,女性,70代以上,道外,NA,宮城,4回目以上,7,2,0,0,1,0,0,0,0,1,7,10,8,8,3,8,8,NA,NA,NA,NA,近くに来る機会があっても再訪したいとは思わない,0,0,0,0,0,1,100,支払わない,300,NA,50,支払う,0,0,0
47,47,6月14-15日,NA,女性,70代以上,道外,NA,埼玉,4回目以上,7,1,0,0,0,0,0,0,0,1,10,10,8,8,NA,8,10,NA,NA,NA,NA,近くに来る機会があったら再訪したい,0,0,0,0,0,2,100,支払う,300,支払わない,50,NA,0,0,0
48,48,6月14-15日,NA,男性,70代以上,道内,札幌,NA,NA,7,1,0,0,0,0,0,0,0,1,5,5,10,8,3,9,9,NA,NA,NA,NA,近くに来る機会を積極的に作って再訪したい,0,0,1,0,0,2,500,支払う,1000,支払う,300,NA,0,0,0
49,49,6月14-15日,NA,女性,10代,道内,網走市,NA,NA,6,1,0,0,1,0,0,0,0,0,9,9,10,10,10,9,9,NA,NA,NA,NA,近くに来る機会があったら再訪したい,1,0,0,0,0,2,300,NA,500,支払わない,100,支払う,0,0,0
50,50,6月14-15日,☆,男性,20代,道内,札幌市,NA,NA,2,1,0,1,0,0,0,0,0,0,10,8,10,3,4,5,7,NA,NA,NA,NA,近くに来る機会があったら再訪したい,0,0,0,1,0,2,100,支払う,300,支払わない,50,NA,0,0,0
51,51,6月14-15日,NA,女性,10代,道内,北見市,NA,1,3,1,0,0,0,0,0,0,1,0,10,10,10,7,10,10,10,NA,NA,NA,NA,近くに来る機会があったら再訪したい,0,0,0,1,0,2,500,NA,1000,NA,300,NA,0,0,0
52,52,6月14-15日,NA,男性,40代,道内,紋別市,NA,NA,1,3回目以上,0,0,0,0,0,0,0,0,9,9,9,9,9,9,9,NA,NA,NA,NA,近くに来る機会があったら再訪したい,0,1,0,0,0,1,100,NA,300,支払わない,50,NA,0,0,0
53,53,6月14-15日,1,男性,20代,道内,恵庭市,NA,NA,2,NA,0,0,0,0,0,0,0,1,5,8,8,4,5,5,8,NA,NA,NA,NA,近くに来る機会があったら再訪したい,0,0,0,1,0,1,500,NA,1000,支払う,300,NA,0,0,0
54,54,6月14-15日,1,女性,30代,道内,北見市,NA,NA,2,3回目以上,1,0,0,0,0,0,0,0,8,8,8,5,7,3,8,NA,NA,NA,NA,近くに来る機会があったら再訪したい,0,1,0,0,0,2,1000,支払う,1500,支払わない,500,NA,0,0,1
55,55,6月14-15日,C1,男性,40代,道内,札幌市,NA,NA,2,3回目以上,0,0,0,0,0,0,0,0,5,5,6,7,7,5,6,NA,NA,NA,NA,近くに来る機会があったら再訪したい,1,0,0,0,0,2,300,支払わない,500,NA,100,支払う,0,0,0
56,56,6月14-15日,ｃ２,女性,40代,道内,江別,NA,NA,2,NA,0,0,0,0,0,0,1,0,10,10,10,5,5,5,8,NA,NA,NA,NA,近くに来る機会があったら再訪したい,0,1,0,0,0,1,100,支払わない,300,NA,50,支払わない,1,0,0
57,57,6月14-15日,NA,女性,40代,道内,厚真,NA,1,3,1,0,0,0,0,0,0,0,1,10,10,10,3,4,5,9,NA,NA,NA,NA,近くに来る機会があったら再訪したい,0,1,0,0,0,2,100,支払う,300,支払わない,50,NA,0,0,1
58,58,6月14-15日,NA,男性,20代,道内,千歳,NA,NA,3,2,0,0,0,0,0,0,1,0,6,6,5,2,1,3,4,NA,NA,NA,NA,近くに来る機会があったら再訪したい,0,0,0,1,0,1,500,支払う,1000,支払わない,300,NA,0,0,1
59,59,6月14-15日,NA,男性,60代,NA,NA,NA,NA,3,NA,0,0,0,1,0,0,0,0,10,10,10,2,2,9,7,NA,NA,NA,NA,近くに来る機会があったら再訪したい,0,0,0,1,0,2,300,支払わない,500,NA,100,支払う,0,0,0
60,60,6月14-15日,NA,男性,40代,道外,NA,三重,4回目以上,1,1,0,0,0,0,0,0,0,1,5,8,10,2,5,8,9,NA,NA,NA,NA,近くに来る機会があったら再訪したい,0,0,0,1,0,2,500,NA,1000,支払わない,300,支払う,1,0,0
61,61,6月14-15日,NA,男性,30代,道内,旭川,NA,NA,1,3回目以上,0,0,0,0,0,0,0,0,7,5,5,3,3,3,5,NA,NA,NA,NA,近くに来る機会があったら再訪したい,0,0,0,0,0,2,100,支払わない,300,NA,50,支払わない,0,0,0
62,62,6月14-15日,NA,女性,50代,道内,釧路,NA,NA,4,1,0,0,0,0,0,0,1,0,8,8,8,5,5,8,8,NA,NA,NA,NA,すでに再訪の予定がある,0,0,0,1,0,1,1000,支払う,1500,支払う,500,NA,0,0,0
63,63,6月14-15日,NA,女性,50代,道内,釧路,NA,NA,4,NA,0,0,0,0,0,0,0,1,10,10,10,10,10,10,10,NA,NA,NA,NA,すでに再訪の予定がある,0,1,0,0,1,2,300,支払う,500,支払う,100,NA,0,0,0
64,64,6月14-15日,NA,女性,60代,道外,NA,町田,4回目以上,2,NA,0,0,0,0,0,1,0,0,8,8,10,10,3,3,7,NA,NA,NA,NA,近くに来る機会があったら再訪したい,0,0,0,0,1,1,1000,支払う,1500,支払わない,500,NA,0,0,0
65,65,6月14-15日,NA,NA,60代,道外,NA,東京都,2,2,1,0,0,0,0,0,1,0,0,8,6,9,7,3,5,7,NA,NA,NA,NA,近くに来る機会があったら再訪したい,0,1,0,0,0,2,1000,支払わない,1500,NA,500,支払う,0,0,0
66,66,6月14-15日,\,男性,50代,道外,NA,東京都,4回目以上,4,3回目以上,0,0,0,0,0,0,0,1,10,10,10,10,5,5,10,NA,NA,NA,NA,近くに来る機会を積極的に作って再訪したい,0,1,0,0,0,2,300,支払う,500,支払わない,100,NA,0,0,0
67,67,6月14-15日,\,男性,40代,道外,NA,東京都,4回目以上,4,1,0,0,0,0,0,0,0,1,10,10,10,10,10,10,10,NA,NA,NA,NA,近くに来る機会があったら再訪したい,1,0,0,0,0,1,100,支払う,300,支払わない,50,NA,0,0,0
68,68,6月14-15日,NA,女性,40代,道内,北見氏,NA,NA,2,2,0,0,0,0,0,0,0,0,10,10,10,10,10,10,10,NA,NA,NA,NA,近くに来る機会があったら再訪したい,0,0,0,1,0,1,500,支払う,1000,NA,300,NA,0,0,0
69,69,6月14-15日,NA,女性,20代,道内,釧路市,NA,NA,4,2,0,0,0,0,0,0,0,0,6,4,8,1,2,3,7,NA,NA,NA,NA,近くに来る機会があったら再訪したい,0,0,0,0,1,1,300,支払わない,500,NA,100,支払わない,1,0,0
70,70,6月14-15日,NA,女性,30代,道外,NA,東京,4回目以上,4,3回目以上,0,0,0,0,0,0,0,1,7,8,8,5,3,3,7,NA,NA,NA,NA,近くに来る機会を積極的に作って再訪したい,0,1,1,0,0,1,300,支払わない,500,NA,100,支払う,0,0,0
71,71,6月14-15日,\,女性,40代,道内,札幌市,NA,NA,4,2,0,0,0,0,0,0,0,0,8,9,9,5,5,5,8,NA,NA,NA,NA,近くに来る機会があったら再訪したい,1,1,0,0,0,2,1000,支払わない,1500,NA,500,支払う,0,0,0
72,72,6月14-15日,NA,男性,40代,道内,遠軽町,NA,4回目以上,3,2,0,0,0,0,0,0,0,0,10,10,10,5,6,5,8,NA,NA,NA,NA,近くに来る機会があったら再訪したい,0,1,0,0,0,2,100,支払わない,300,NA,50,支払う,0,0,0
73,73,6月14-15日,NA,男性,60代,NA,NA,NA,1,2,1,0,1,0,0,0,0,0,0,10,6,8,8,3,6,8,NA,NA,NA,NA,近くに来る機会があったら再訪したい,0,0,1,0,0,2,500,NA,1000,支払わない,300,支払う,0,0,0
74,74,6月14-15日,NA,男性,40代,道外,NA,神奈川県,4回目以上,3,1,0,0,0,0,0,0,1,0,6,7,7,2,4,5,7,NA,NA,NA,NA,近くに来る機会があったら再訪したい,0,1,0,0,0,1,300,NA,500,NA,100,支払う,0,0,0
75,75,6月14-15日,NA,男性,60代,道外,NA,神奈川県,4回目以上,3,1,0,0,0,0,0,0,1,0,8,8,10,6,5,3,7,NA,NA,NA,NA,近くに来る機会があったら再訪したい,0,0,0,0,1,1,100,支払う,300,支払う,50,NA,0,0,0
76,76,6月14-15日,NA,女性,60代,道外,NA,神奈川県,4回目以上,3,1,0,0,0,0,0,1,0,0,10,9,10,5,5,8,9,NA,NA,NA,NA,近くに来る機会があったら再訪したい,0,1,0,0,0,1,500,支払う,1000,支払う,300,NA,0,0,0
77,77,6月14-15日,NA,男性,20代,道内,札幌,NA,NA,7,1,0,0,1,0,0,0,0,0,7,7,7,5,4,8,7,NA,NA,NA,NA,近くに来る機会があったら再訪したい,0,0,0,0,1,1,300,支払う,500,支払わない,100,NA,0,0,0
78,78,6月14-15日,NA,男性,20代,道内,札幌市,NA,NA,7,1,0,0,1,0,0,0,0,0,7,7,9,7,3,3,8,NA,NA,NA,NA,近くに来る機会があったら再訪したい,1,0,0,0,0,1,500,支払う,1000,支払う,300,NA,0,0,0
79,79,6月14-15日,NA,男性,20代,道内,NA,NA,NA,7,1,0,0,0,0,0,0,0,0,10,10,10,4,5,2,10,NA,NA,NA,NA,近くに来る機会があったら再訪したい,0,0,0,0,1,2,300,支払う,500,支払わない,100,NA,0,0,0
80,80,6月14-15日,33R,女性,60代,道外,NA,神奈川,3,5,1,0,0,0,0,0,0,1,0,5,5,7,7,7,6,7,NA,NA,NA,NA,近くに来る機会があったら再訪したい,0,1,0,0,0,2,1000,支払う,1500,支払う,500,NA,0,0,0
81,81,6月14-15日,12,男性,30代,道外,NA,東京,4回目以上,4,1,0,1,0,0,0,0,1,0,8,8,7,5,5,6,7,NA,NA,NA,NA,近くに来る機会があったら再訪したい,0,0,0,0,1,1,100,支払わない,300,NA,50,支払わない,0,0,1
82,82,6月14-15日,12,女性,60代,道外,NA,神奈川,4回目以上,4,1,1,0,1,0,0,0,0,0,6,7,8,6,8,8,8,NA,NA,NA,NA,近くに来る機会があっても再訪したいとは思わない,0,0,0,0,1,2,1000,支払う,1500,支払わない,500,NA,0,0,0
83,83,6月14-15日,12,女性,20代,道外,NA,神奈川県横浜市,4回目以上,4,1,0,0,0,0,0,1,1,0,5,5,7,6,6,7,7,NA,NA,NA,NA,近くに来る機会があったら再訪したい,0,1,0,0,0,2,100,支払わない,300,NA,50,支払う,0,0,0
84,84,6月14-15日,33R,男性,60代,道外,NA,神奈川,4回目以上,5,1,0,0,0,0,0,0,1,0,10,10,10,3,3,4,10,NA,NA,NA,NA,近くに来る機会があったら再訪したい,0,0,0,0,1,1,1000,支払う,1500,支払う,500,NA,0,0,0
85,85,6月14-15日,33R,男性,30代,道内,音更町,NA,NA,5,1,0,0,0,0,0,0,1,0,10,10,10,4,4,5,7,NA,NA,NA,NA,近くに来る機会があったら再訪したい,0,1,0,0,0,2,1000,支払う,1500,支払う,500,NA,0,0,0
86,86,6月14-15日,33R,女性,30代,道外,NA,東京,4回目以上,5,1,0,0,0,0,0,1,0,0,10,10,10,9,9,9,10,NA,NA,NA,NA,近くに来る機会があったら再訪したい,0,1,0,0,1,2,300,支払わない,500,NA,100,支払う,0,0,0
87,87,6月14-15日,33R,男性,30代,道外,NA,東京,3,5,1,0,0,0,0,0,1,0,0,9,9,9,5,5,6,9,NA,NA,NA,NA,近くに来る機会があったら再訪したい,0,1,0,0,0,1,500,支払う,1000,支払う,300,NA,0,0,0
88,88,6月14-15日,15,男性,30代,道外,NA,千葉県,1,3,1,0,0,0,0,0,0,0,1,5,8,7,3,3,2,6,NA,NA,NA,NA,近くに来る機会があったら再訪したい,0,1,0,0,1,2,500,支払う,1000,支払う,300,NA,0,0,0
89,89,6月14-15日,15,女性,30代,道外,NA,千葉,4回目以上,3,2,0,0,0,0,0,0,1,0,10,10,10,9,9,NA,NA,NA,NA,NA,NA,近くに来る機会があったら再訪したい,0,1,0,0,0,2,100,支払わない,300,NA,50,支払う,0,0,0
90,90,6月14-15日,15,女性,30代,道内,釧路,NA,NA,3,3回目以上,0,0,0,0,0,0,0,0,8,8,10,3,8,8,10,NA,NA,NA,NA,近くに来る機会があったら再訪したい,0,1,0,0,0,2,300,支払わない,500,NA,100,支払う,0,0,0
91,91,6月14-15日,11,男性,50代,道外,NA,千葉,4回目以上,2,NA,0,0,1,0,0,0,0,0,10,10,10,10,5,5,10,NA,NA,NA,NA,近くに来る機会があったら再訪したい,0,0,1,0,0,2,1000,支払う,1500,支払う,500,NA,0,0,0
92,92,6月14-15日,11,女性,40代,道外,NA,千葉,4回目以上,2,1,0,0,1,0,0,0,0,0,10,10,10,6,10,8,10,NA,NA,NA,NA,近くに来る機会があったら再訪したい,0,1,0,0,0,1,1000,NA,1500,支払う,500,NA,0,0,0
93,93,6月14-15日,3,男性,40代,道内,紋別市,NA,NA,2,1,0,0,0,0,0,0,1,0,9,9,9,6,6,6,9,NA,NA,NA,NA,近くに来る機会があったら再訪したい,0,0,0,0,1,1,1000,支払う,1500,支払わない,500,支払う,0,0,1
94,94,6月14-15日,3,男性,40代,道内,紋別市,NA,NA,2,NA,0,0,0,0,0,0,0,0,10,10,10,9,8,10,10,NA,NA,NA,NA,近くに来る機会を積極的に作って再訪したい,0,1,0,0,0,2,300,支払わない,500,NA,100,支払う,0,0,1
95,95,6月14-15日,ｃ,男性,20代,道内,NA,NA,NA,2,1,0,0,0,0,0,0,0,0,8,10,10,5,5,5,10,NA,NA,NA,NA,近くに来る機会があったら再訪したい,0,0,0,0,1,2,1000,支払う,1500,支払う,500,NA,0,0,0
96,96,6月14-15日,c,女性,10代,道内,北見,NA,4回目以上,2,3回目以上,0,0,0,0,0,0,0,0,10,10,10,10,5,5,10,NA,NA,NA,NA,近くに来る機会があったら再訪したい,1,0,0,0,0,2,300,支払わない,500,NA,100,支払う,0,0,0
97,97,6月14-15日,4,男性,60代,道内,NA,NA,NA,2,1,0,0,0,0,0,0,0,0,3,3,5,3,2,3,3,NA,NA,NA,NA,近くに来る機会があっても再訪したいとは思わない,0,0,0,1,0,1,500,支払う,1000,支払う,300,支払わない,0,0,0
98,98,6月14-15日,32,女性,50代,道外,NA,岡山県,4回目以上,2,3回目以上,0,0,0,0,0,0,1,0,10,10,10,5,5,7,10,NA,NA,NA,NA,近くに来る機会があったら再訪したい,0,0,0,1,0,1,1000,支払わない,1500,NA,500,支払わない,0,1,0
99,99,6月14-15日,32,男性,50代,道外,NA,岡山県,4回目以上,2,3回目以上,0,0,0,0,0,0,0,0,8,10,9,8,3,8,9,NA,NA,NA,NA,近くに来る機会があったら再訪したい,0,0,0,1,0,1,300,支払う,500,支払う,100,NA,0,0,0
100,100,6月14-15日,2,女性,20代,道内,美幌,NA,NA,2,1,0,0,1,0,0,0,1,0,8,10,10,8,7,7,10,NA,NA,NA,NA,近くに来る機会があったら再訪したい,0,1,0,0,0,1,100,支払わない,300,NA,50,NA,1,0,0
101,101,6月14-15日,2,女性,50代,道外,NA,東京,4回目以上,2,2,0,0,0,0,0,0,0,0,7,7,6,5,1,1,2,NA,NA,NA,NA,近くに来る機会があったら再訪したい,0,1,0,0,0,2,1000,支払う,1500,支払う,500,NA,0,0,0
102,102,6月14-15日,3,男性,60代,道外,NA,長崎,4回目以上,2,1,0,0,0,1,0,0,0,0,9,9,9,6,5,5,8,NA,NA,NA,NA,近くに来る機会があったら再訪したい,1,0,0,0,0,1,100,支払わない,300,NA,50,支払う,0,0,1
103,103,6月14-15日,NA,男性,40代,道内,NA,NA,NA,1,1,1,0,1,0,0,0,0,0,8,8,10,1,7,3,7,NA,NA,NA,NA,近くに来る機会があったら再訪したい,0,0,0,1,0,2,500,支払う,1000,支払う,300,NA,0,0,0
104,104,6月14-15日,12,NA,50代,道内,北見市,NA,1,2,1,0,0,0,0,0,0,1,0,7,7,10,7,6,6,9,NA,NA,NA,NA,近くに来る機会があったら再訪したい,0,1,0,0,0,2,500,支払う,1000,支払わない,300,NA,0,0,0
105,105,6月14-15日,12,女性,50代,道外,NA,神奈川,4回目以上,2,1,0,0,0,0,0,0,0,1,10,10,10,10,10,NA,10,NA,NA,NA,NA,近くに来る機会があったら再訪したい,0,1,0,0,0,1,1000,NA,1500,NA,500,支払う,0,0,0
106,106,6月14-15日,NA,男性,60代,道外,NA,神奈川,4回目以上,1,1,0,0,0,0,0,0,0,1,5,10,10,7,9,9,9,NA,NA,NA,NA,近くに来る機会があったら再訪したい,0,1,0,0,1,2,300,支払う,500,支払わない,100,NA,0,0,0
107,107,6月14-15日,e,男性,20代,道内,名寄,NA,NA,2,1,0,0,0,1,0,0,0,0,10,10,10,9,9,9,10,NA,NA,NA,NA,近くに来る機会があったら再訪したい,0,1,0,0,0,2,300,支払う,500,支払う,100,NA,0,0,0
108,108,6月14-15日,e,女性,20代,道内,名寄,NA,NA,2,1,0,0,0,0,0,0,1,0,10,10,10,9,10,10,10,NA,NA,NA,NA,近くに来る機会を積極的に作って再訪したい,0,1,0,0,0,2,1000,支払う,1500,支払わない,500,NA,0,0,0
109,109,6月14-15日,8,女性,20代,道外,NA,佐賀,NA,2,1,0,0,1,0,0,0,0,0,10,10,10,6,2,3,9,NA,NA,NA,NA,近くに来る機会があったら再訪したい,0,0,0,0,1,2,1000,支払う,1500,支払う,500,NA,0,0,0
110,110,6月14-15日,8,男性,20代,道外,NA,東京,4回目以上,2,1,0,0,1,0,0,0,0,0,6,9,10,6,3,8,9,NA,NA,NA,NA,近くに来る機会があったら再訪したい,1,0,0,0,0,1,100,支払う,300,支払う,50,NA,0,0,0
111,111,6月14-15日,11,女性,30代,道内,釧路,NA,NA,4,1,0,0,1,0,0,1,1,0,8,8,10,6,6,6,7,NA,NA,NA,NA,近くに来る機会を積極的に作って再訪したい,0,1,0,0,0,1,1000,支払う,1500,支払う,500,NA,0,0,0
112,112,6月14-15日,11,男性,30代,道内,釧路,NA,NA,4,1,0,0,0,0,0,1,0,0,7,6,8,7,5,5,8,NA,NA,NA,NA,近くに来る機会があったら再訪したい,0,1,0,0,0,1,1000,支払う,1500,支払わない,500,NA,0,0,0
113,113,6月14-15日,14,男性,20代,道内,江別市,NA,NA,3,1,0,0,1,0,0,1,0,0,7,7,10,7,3,10,10,NA,NA,NA,NA,近くに来る機会を積極的に作って再訪したい,0,1,1,0,1,2,500,支払う,1000,支払う,300,支払う,0,0,0
114,114,6月14-15日,14,男性,20代,道外,NA,埼玉,4回目以上,3,1,0,0,0,0,0,0,1,0,7,7,9,3,5,3,8,NA,NA,NA,NA,近くに来る機会があったら再訪したい,0,0,1,0,0,1,100,支払う,300,支払う,50,NA,0,0,0
115,115,6月14-15日,14,男性,20代,道外,NA,京都,4回目以上,3,1,0,0,0,0,0,0,1,0,10,10,10,10,6,8,10,NA,NA,NA,NA,近くに来る機会があったら再訪したい,0,1,0,0,0,2,1000,支払う,1500,支払う,500,NA,0,0,0
116,116,6月14-15日,9,女性,60代,道外,NA,福岡県,4回目以上,2,1,0,0,1,0,0,0,0,0,8,5,10,5,3,5,7,NA,NA,NA,NA,近くに来る機会があったら再訪したい,0,1,0,0,0,1,500,NA,1000,支払わない,300,支払う,0,0,0
117,117,6月14-15日,9,男性,60代,道外,なし,福岡,1,2,1,0,0,0,0,0,0,1,0,10,10,10,3,3,8,10,NA,NA,NA,NA,近くに来る機会があったら再訪したい,0,0,0,0,1,1,1000,支払う,1500,支払わない,500,NA,0,0,1
118,118,6月14-15日,v37,女性,40代,道内,北見市,なし,NA,3,3回目以上,0,0,0,0,0,0,1,0,5,5,5,2,2,3,5,NA,NA,NA,NA,近くに来る機会があったら再訪したい,0,0,0,0,0,1,300,支払わない,500,NA,100,支払う,0,0,0
119,119,6月14-15日,v37,女性,70代以上,道内,北見市,なし,4回目以上,3,3回目以上,0,0,0,0,0,0,1,0,8,8,10,10,10,10,10,NA,NA,NA,NA,近くに来る機会を積極的に作って再訪したい,0,1,0,0,0,1,500,支払う,1000,支払わない,300,NA,0,0,1
120,120,6月14-15日,なし,男性,40代,道内,札幌,なし,4回目以上,2,NA,0,0,0,0,0,0,0,0,4,8,7,7,4,6,6,NA,NA,NA,NA,近くに来る機会があったら再訪したい,0,1,0,0,0,1,500,支払う,1000,支払わない,300,NA,0,0,0
121,121,6月14-15日,13,男性,50代,道外,なし,愛知県,4回目以上,2,2,0,0,0,0,0,0,0,0,8,7,8,8,5,7,7,NA,NA,NA,NA,近くに来る機会があったら再訪したい,0,1,0,0,0,2,100,支払わない,300,NA,50,支払わない,0,0,1
122,122,6月14-15日,13,女性,70代以上,道外,なし,岩手県,2,2,NA,0,0,0,0,0,0,0,0,8,8,8,8,5,7,7,NA,NA,NA,NA,近くに来る機会があったら再訪したい,0,1,0,0,1,2,100,支払う,300,支払う,50,NA,0,0,0
123,123,6月14-15日,＠,男性,60代,道外,NA,兵庫県,3,2,NA,0,0,0,0,0,1,0,0,8,7,9,5,5,4,6,NA,NA,NA,NA,近くに来る機会があったら再訪したい,0,0,0,0,1,2,100,支払う,300,NA,50,NA,0,0,0
124,124,6月14-15日,NA,男性,50代,道内,室蘭市,NA,NA,1,1,1,0,1,1,0,0,0,0,8,8,10,3,3,5,8,NA,NA,NA,NA,近くに来る機会があったら再訪したい,0,0,0,1,0,1,1000,NA,1500,支払わない,500,NA,0,1,0
125,125,6月14-15日,NA,女性,20代,道外,NA,東京都,4回目以上,2,1,0,0,1,0,0,0,0,0,5,8,8,4,4,4,5,NA,NA,NA,NA,近くに来る機会があったら再訪したい,0,1,0,0,0,1,100,NA,300,NA,50,支払う,0,0,0
126,126,6月14-15日,2,男性,50代,道外,NA,佐賀県,2,2,1,0,1,0,0,0,0,0,0,7,7,8,9,7,9,9,NA,NA,NA,NA,近くに来る機会があったら再訪したい,0,0,0,0,0,1,100,支払う,300,支払う,50,NA,0,0,0
127,127,6月14-15日,2,女性,60代,道外,NA,佐賀県,2,4,1,0,0,0,0,0,0,1,0,8,8,9,5,5,7,8,NA,NA,NA,NA,近くに来る機会があったら再訪したい,0,0,0,0,1,2,300,支払う,500,支払わない,100,NA,1,0,0
128,128,6月14-15日,2,女性,40代,道内,清里町,NA,NA,4,3回目以上,0,0,0,0,0,0,0,0,8,7,7,5,4,4,5,NA,NA,NA,NA,NA,0,0,0,0,0,2,500,支払う,1000,支払わない,300,NA,0,0,1
129,129,6月14-15日,2,男性,50代,道内,清里,NA,NA,3,2,0,0,0,0,0,0,0,0,10,10,10,5,5,5,10,NA,NA,NA,NA,NA,1,0,0,0,0,2,500,支払わない,1000,NA,300,支払わない,0,0,1
130,130,6月14-15日,NA,男性,60代,道内,na,na,NA,1,3回目以上,0,0,0,0,0,0,0,0,10,10,10,7,5,5,8,NA,NA,NA,NA,すでに再訪の予定がある,1,0,0,0,0,2,100,支払わない,300,NA,50,支払う,0,0,0
131,131,6月14-15日,AA,女性,30代,道内,中標津町,NA,NA,2,1,0,0,1,0,0,0,0,0,8,8,8,2,2,2,8,NA,NA,NA,NA,近くに来る機会を積極的に作って再訪したい,0,1,0,0,0,1,300,支払う,500,支払う,100,NA,0,0,0
132,132,6月14-15日,1,女性,50代,道内,置戸町,NA,NA,2,2,0,0,0,0,0,0,0,0,10,10,10,10,10,10,10,NA,NA,NA,NA,近くに来る機会があったら再訪したい,1,0,0,0,0,2,300,支払う,500,支払う,100,NA,0,0,0
133,133,6月14-15日,1,女性,50代,道内,置戸町,NA,NA,2,2,0,0,1,0,0,1,0,0,10,10,10,7,3,8,9,NA,NA,NA,NA,近くに来る機会があったら再訪したい,1,0,0,0,0,1,500,支払う,1000,支払う,300,NA,0,0,0
134,134,6月14-15日,NA,男性,50代,道内,清里,NA,NA,1,1,0,1,0,0,0,0,0,0,10,10,10,5,4,4,8,NA,NA,NA,NA,すでに再訪の予定がある,1,1,0,0,0,2,500,支払う,1000,支払う,300,NA,0,0,0
135,135,6月14-15日,AA,男性,30代,道内,中摂津,na,NA,2,1,0,0,1,0,0,0,0,0,7,7,9,5,7,5,7,NA,NA,NA,NA,近くに来る機会があったら再訪したい,0,1,0,0,0,2,300,支払わない,500,NA,100,支払う,1,0,0
136,136,6月14-15日,3,女性,50代,道外,na,長崎県,4回目以上,2,1,0,0,0,0,0,0,0,0,5,5,8,5,5,5,5,NA,NA,NA,NA,近くに来る機会があっても再訪したいとは思わない,0,1,0,0,0,1,300,支払う,500,支払わない,100,NA,0,0,0
137,137,6月14-15日,1,女性,20代,道内,千歳市,NA,1,5,1,0,0,0,0,0,0,1,0,5,5,5,5,5,5,5,NA,NA,NA,NA,近くに来る機会があったら再訪したい,0,0,0,1,0,1,100,支払う,300,NA,50,NA,0,0,0
138,138,6月14-15日,h,男性,60代,道外,na,大阪府,3,2,1,0,0,0,0,0,0,1,0,5,10,10,6,5,7,10,NA,NA,NA,NA,近くに来る機会があったら再訪したい,0,1,0,0,0,1,500,支払わない,1000,NA,300,NA,1,0,0
139,139,6月14-15日,ｂ,女性,60代,道外,NA,大阪市,2,2,1,0,0,1,0,0,0,0,0,8,10,8,8,8,8,10,NA,NA,NA,NA,近くに来る機会があったら再訪したい,0,1,0,0,0,1,1000,支払う,1500,支払う,500,NA,0,0,0
140,140,6月14-15日,1,男性,10代,道内,千歳,NA,NA,5,1,0,0,0,0,0,0,1,0,6,6,8,6,4,5,7,NA,NA,NA,NA,近くに来る機会があったら再訪したい,0,0,0,1,0,2,300,支払う,500,支払う,100,NA,0,0,0
141,141,6月14-15日,1,女性,20代,道内,千歳,NA,NA,5,1,0,0,0,0,0,0,1,0,10,10,10,8,10,6,10,NA,NA,NA,NA,近くに来る機会があったら再訪したい,0,0,0,0,1,1,1000,支払う,1500,支払わない,500,NA,0,0,0
142,142,6月14-15日,1,NA,50代,道内,千歳,NA,NA,5,2,0,0,0,0,0,0,0,1,5,10,10,10,4,4,10,NA,NA,NA,NA,近くに来る機会を積極的に作って再訪したい,1,0,0,0,0,1,1000,支払う,1500,支払う,500,NA,0,0,0
143,143,6月14-15日,1,男性,20代,道外,千歳,NA,NA,5,1,0,0,0,0,0,0,1,0,3,7,10,3,1,1,7,NA,NA,NA,NA,近くに来る機会があったら再訪したい,0,0,0,0,0,1,500,支払わない,1000,NA,300,支払う,0,0,0
144,144,6月14-15日,BB,男性,50代,道外,NA,神奈川県,4回目以上,2,1,0,0,0,0,0,0,1,0,8,8,9,10,5,7,8,NA,NA,NA,NA,近くに来る機会があったら再訪したい,0,0,1,0,0,2,300,支払う,500,支払う,100,NA,0,0,0
145,145,6月14-15日,BB,女性,50代,道外,NA,神奈川県,NA,2,1,0,0,1,1,0,0,0,0,7,8,8,8,6,5,7,NA,NA,NA,NA,近くに来る機会があったら再訪したい,0,0,0,0,1,2,500,支払う,1000,支払う,300,NA,0,0,0
146,146,6月14-15日,9,男性,70代以上,道外,NA,兵庫県宝塚,4回目以上,3,2,0,0,1,0,0,0,0,0,8,8,9,3,2,6,7,NA,NA,NA,NA,近くに来る機会があったら再訪したい,0,0,0,1,0,2,100,支払う,300,支払わない,50,NA,0,0,0
147,147,6月14-15日,NA,NA,NA,NA,NA,NA,NA,NA,NA,0,0,0,0,0,0,0,0,NA,NA,NA,NA,NA,NA,NA,NA,NA,NA,NA,NA,0,0,0,0,0,2,500,支払う,1000,支払う,300,NA,0,0,0
148,148,6月14-15日,6,男性,50代,道内,網走市,なし,NA,2,3回目以上,0,0,0,0,0,0,0,0,10,10,10,8,7,6,10,NA,NA,NA,NA,近くに来る機会があったら再訪したい,1,0,0,0,0,1,100,NA,300,NA,50,NA,0,0,0
149,149,6月14-15日,6,女性,50代,道内,網走,ない,NA,2,2,0,0,0,0,0,0,1,0,8,8,8,8,6,5,8,NA,NA,NA,NA,近くに来る機会があったら再訪したい,0,1,0,0,0,2,500,支払わない,1000,NA,300,支払わない,1,0,0
150,150,6月14-15日,NA,男性,60代,道外,NA,大阪,2,1,1,0,0,1,0,0,0,0,0,8,8,10,7,1,8,8,NA,NA,NA,NA,近くに来る機会があったら再訪したい,0,0,0,0,1,1,100,NA,300,NA,50,NA,0,0,0
151,151,6月14-15日,34,男性,60代,道外,なし,東京都,4回目以上,2,NA,1,0,1,0,0,0,0,0,9,8,8,8,6,7,8,NA,NA,NA,NA,近くに来る機会があったら再訪したい,0,0,1,0,1,2,100,NA,300,支払う,50,NA,0,0,0
152,152,6月14-15日,34,女性,40代,道外,なし,神奈川県,NA,2,1,0,1,1,0,0,0,0,0,9,9,9,7,6,6,8,NA,NA,NA,NA,近くに来る機会があったら再訪したい,0,1,1,0,0,2,500,支払う,1000,支払う,300,NA,0,0,0
153,153,6月14-15日,5,男性,40代,道内,函館市,なし,NA,2,1,1,0,1,0,0,1,1,0,9,7,9,2,3,5,5,NA,NA,NA,NA,近くに来る機会があったら再訪したい,0,0,0,1,0,1,1000,支払わない,1500,NA,500,支払う,0,0,0
154,154,6月14-15日,5,女性,30代,道外,なし,東京都,1,2,1,0,0,0,0,0,1,0,0,8,6,7,2,2,2,5,NA,NA,NA,NA,近くに来る機会があったら再訪したい,0,1,0,0,0,1,1000,支払わない,1500,NA,500,支払う,0,0,0
155,155,6月14-15日,8,女性,60代,道外,NA,千葉県,4回目以上,2,1,0,0,0,0,0,0,0,1,10,10,10,10,9,8,9,NA,NA,NA,NA,近くに来る機会があったら再訪したい,0,1,0,0,0,1,100,支払う,300,支払わない,50,NA,0,0,0
156,156,6月14-15日,NA,女性,50代,道内,釧路町,NA,NA,1,3回目以上,0,0,0,0,0,0,0,0,10,10,10,10,5,7,10,NA,NA,NA,NA,近くに来る機会を積極的に作って再訪したい,1,0,0,0,0,2,100,支払う,300,支払う,50,NA,0,0,0
157,157,6月14-15日,NA,男性,20代,道外,NA,東京,2,1,1,0,0,1,0,0,0,0,0,8,10,10,4,7,10,10,NA,NA,NA,NA,近くに来る機会があったら再訪したい,0,0,0,1,0,2,300,支払う,500,支払う,100,NA,0,0,0
158,158,6月14-15日,33,女性,70代以上,道外,NA,香川県,4回目以上,2,1,1,0,0,0,0,0,0,0,7,9,10,10,10,9,10,NA,NA,NA,NA,近くに来る機会を積極的に作って再訪したい,1,0,1,0,0,2,100,支払う,300,支払う,50,NA,0,0,0
159,159,6月14-15日,33,女性,70代以上,道外,NA,香川県,4回目以上,2,1,1,0,0,0,0,0,1,0,10,10,10,10,10,10,10,NA,NA,NA,NA,NA,0,0,0,0,0,1,100,支払う,300,支払う,50,NA,0,0,0
160,160,6月14-15日,5,女性,20代,道内,北見市,NA,NA,3,2,0,0,0,0,0,0,0,0,10,10,10,8,7,5,10,NA,NA,NA,NA,近くに来る機会を積極的に作って再訪したい,0,0,0,1,0,2,100,支払う,300,支払う,50,NA,0,0,0
161,161,6月14-15日,5,女性,50代,道内,北見,NA,NA,3,3回目以上,0,0,0,0,0,0,1,0,10,10,10,8,8,8,9,NA,NA,NA,NA,近くに来る機会を積極的に作って再訪したい,1,1,1,0,0,2,1000,支払う,1500,支払う,500,NA,0,0,0
162,162,6月14-15日,a,女性,60代,道外,NA,神戸市,3,2,1,0,0,0,0,0,0,1,0,8,8,10,9,5,8,10,NA,NA,NA,NA,近くに来る機会があったら再訪したい,0,0,0,0,1,2,300,支払う,500,支払わない,100,NA,0,0,0
163,163,6月14-15日,AAAA,女性,20代,道内,札幌,NA,NA,2,1,0,0,0,0,0,0,1,0,10,10,10,6,6,6,10,NA,NA,NA,NA,近くに来る機会があったら再訪したい,0,1,0,0,0,2,1000,支払う,1500,支払う,500,NA,0,0,0
164,164,6月14-15日,AAAA,男性,30代,道内,札幌,NA,NA,2,1,0,0,0,0,0,0,0,1,8,8,8,6,8,2,7,NA,NA,NA,NA,近くに来る機会があったら再訪したい,0,0,0,1,0,1,300,支払わない,500,NA,100,支払う,0,0,0
165,165,6月14-15日,4,男性,60代,道内,美幌町,NA,NA,3,3回目以上,0,0,0,0,0,0,0,0,10,10,10,9,1,8,7,NA,NA,NA,NA,近くに来る機会があったら再訪したい,1,0,0,0,0,1,100,支払う,300,支払う,50,NA,0,0,0
166,166,6月14-15日,4,男性,60代,道内,美幌町,NA,NA,3,3回目以上,0,0,0,0,0,0,0,0,6,5,5,5,3,5,5,NA,NA,NA,NA,近くに来る機会があったら再訪したい,1,0,0,0,0,2,500,支払う,1000,支払う,300,NA,0,0,0
167,167,6月14-15日,4,男性,60代,道外,ない,千葉,4回目以上,3,3回目以上,0,0,0,0,0,0,0,0,10,10,7,5,2,4,6,NA,NA,NA,NA,近くに来る機会があったら再訪したい,0,0,0,1,0,2,300,支払わない,500,支払わない,100,NA,0,0,0
168,168,6月14-15日,NA,男性,70代以上,道外,NA,NA,NA,1,1,0,0,0,0,0,0,0,0,10,10,10,5,1,10,10,NA,NA,NA,NA,近くに来る機会があったら再訪したい,0,0,0,0,1,1,1000,支払わない,1500,支払う,500,NA,0,0,0
169,170,6月14-15日,7,男性,50代,道内,北見市,NA,1,2,NA,1,0,0,0,0,0,0,0,10,10,10,10,10,10,10,NA,NA,NA,NA,近くに来る機会があっても再訪したいとは思わない,1,1,0,0,0,1,100,NA,300,支払わない,50,支払う,0,0,1
170,171,6月14-15日,NA,男性,50代,道内,斜里,NA,NA,1,1,1,0,0,0,0,0,0,0,7,7,7,10,7,5,7,NA,NA,NA,NA,近くに来る機会があったら再訪したい,0,1,0,0,0,1,300,支払う,500,支払う,100,NA,0,0,0
171,172,6月14-15日,6,女性,40代,道内,札幌市,NA,NA,2,1,0,0,0,0,0,0,0,0,9,7,7,4,3,3,5,NA,NA,NA,NA,近くに来る機会があったら再訪したい,0,1,0,0,0,1,500,支払わない,1000,NA,300,NA,0,0,0
172,173,6月14-15日,36,女性,60代,道外,NA,兵庫県,4回目以上,2,1,0,0,1,0,0,0,0,0,5,5,5,8,4,7,5,NA,NA,NA,NA,近くに来る機会を積極的に作って再訪したい,0,0,0,0,0,2,300,支払う,500,支払わない,100,NA,0,0,0
173,174,6月14-15日,36,男性,60代,道外,NA,兵庫,4回目以上,2,1,0,0,1,0,0,1,0,0,10,10,7,5,8,7,7,NA,NA,NA,NA,近くに来る機会があったら再訪したい,0,0,0,1,0,1,500,支払う,1000,支払う,300,NA,0,0,0
174,175,6月14-15日,7,男性,20代,道内,網走市,NA,NA,2,1,0,0,0,0,0,0,1,0,6,5,6,2,4,5,5,NA,NA,NA,NA,近くに来る機会があっても再訪したいとは思わない,0,0,0,1,0,1,300,支払う,500,支払わない,100,NA,0,0,1
175,176,6月14-15日,7,女性,20代,道内,遠軽,NA,1,2,1,0,0,0,0,0,0,1,0,3,5,5,2,2,2,5,NA,NA,NA,NA,近くに来る機会があったら再訪したい,0,1,0,0,0,2,100,支払う,300,支払う,50,NA,0,0,0
176,177,6月14-15日,10,NA,60代,道外,NA,東京都,4回目以上,2,1,0,0,1,0,0,0,0,0,6,6,6,3,5,6,6,NA,NA,NA,NA,近くに来る機会があったら再訪したい,0,1,0,0,0,2,1000,支払う,1500,支払う,500,NA,0,0,0
177,178,6月14-15日,10,男性,60代,道外,NA,東京都,3,2,NA,0,0,0,0,0,0,1,0,7,6,7,3,3,5,4,NA,NA,NA,NA,近くに来る機会があっても再訪したいとは思わない,0,0,0,1,0,1,300,支払わない,500,NA,100,支払う,0,0,0
178,179,6月14-15日,d,男性,70代以上,NA,NA,NA,4回目以上,2,1,0,0,0,0,0,0,0,1,8,7,8,8,NA,6,8,NA,NA,NA,NA,近くに来る機会があったら再訪したい,0,0,0,1,0,1,1000,支払う,1500,支払う,500,NA,0,0,0
179,180,6月14-15日,31,女性,50代,道内,室蘭市,NA,NA,2,1,0,0,0,0,0,0,0,0,1,10,10,8,8,8,10,NA,NA,NA,NA,近くに来る機会があったら再訪したい,0,1,0,0,1,1,500,NA,1000,支払わない,300,NA,0,1,0
180,181,6月14-15日,31,男性,50代,道内,芽室町,NA,NA,2,NA,0,0,0,0,0,0,0,0,NA,NA,10,6,8,5,5,NA,NA,NA,NA,近くに来る機会があったら再訪したい,0,1,0,0,0,1,100,NA,300,支払わない,50,支払う,0,0,1
181,182,6月14-15日,9,女性,70代以上,道外,NA,兵庫県,4回目以上,2,2,0,0,0,0,0,0,0,0,10,5,10,7,4,8,10,NA,NA,NA,NA,近くに来る機会があったら再訪したい,0,0,0,1,0,2,1000,支払わない,1500,NA,500,支払わない,0,0,0
182,2,7月19-20日,M,男性,50代,道内,NA,NA,NA,2,3回目以上,NA,NA,NA,NA,NA,NA,NA,NA,NA,NA,7,10,5,10,8,5,4,8,7,NA,NA,NA,NA,NA,NA,2,100,支払う,300,支払う,50,NA,NA,NA,NA
183,3,7月19-20日,NA,女性,50代,道外,NA,大阪府,4回目以上,2,1,NA,NA,NA,NA,NA,NA,NA,NA,NA,NA,8,8,NA,6,7,8,6,8,7,NA,NA,NA,NA,NA,NA,1,1000,支払わない,1500,NA,500,支払う,NA,NA,NA
184,4,7月19-20日,NA,女性,50代,道内,恵庭市,NA,NA,2,2,NA,NA,NA,NA,NA,NA,NA,NA,NA,NA,5,3,3,3,4,5,7,7,7,NA,NA,NA,NA,NA,NA,1,100,支払う,300,支払う,50,NA,NA,NA,NA
185,5,7月19-20日,NA,女性,60代,道外,NA,愛知県,4回目以上,2,NA,NA,NA,NA,NA,NA,NA,NA,NA,NA,NA,8,5,3,5,6,8,10,10,7,NA,NA,NA,NA,NA,NA,1,500,支払わない,1000,NA,300,NA,NA,NA,NA
186,6,7月19-20日,NA,男性,50代,道外,NA,大阪府,4回目以上,2,1,NA,NA,NA,NA,NA,NA,NA,NA,NA,NA,7,9,5,7,9,10,3,7,3,NA,NA,NA,NA,NA,NA,1,300,支払わない,500,NA,100,支払う,NA,NA,NA
187,7,7月19-20日,X,女性,60代,道外,NA,埼玉県,NA,2,1,NA,NA,NA,NA,NA,NA,NA,NA,NA,NA,9,9,6,6,9,10,6,10,6,NA,NA,NA,NA,NA,NA,2,100,支払う,300,支払う,50,NA,NA,NA,NA
188,8,7月19-20日,NA,女性,50代,道内,釧路市,NA,NA,2,2,NA,NA,NA,NA,NA,NA,NA,NA,NA,NA,10,10,6,5,8,10,10,10,10,NA,NA,NA,NA,NA,NA,2,100,支払う,300,支払う,50,NA,NA,NA,NA
189,9,7月19-20日,NA,男性,60代,道外,NA,三重県,2,1,1,NA,NA,NA,NA,NA,NA,NA,NA,NA,NA,7,2,1,2,5,5,7,5,3,NA,NA,NA,NA,NA,NA,2,500,支払わない,1000,NA,300,支払う,NA,NA,NA
190,10,7月19-20日,NA,男性,40代,道内,NA,NA,NA,1,NA,NA,NA,NA,NA,NA,NA,NA,NA,NA,NA,9,4,5,4,8,9,9,10,8,NA,NA,NA,NA,NA,NA,1,100,支払う,300,支払わない,50,NA,NA,NA,NA
191,11,7月19-20日,NA,女性,40代,道内,札幌市,NA,NA,2,2,NA,NA,NA,NA,NA,NA,NA,NA,NA,NA,8,5,5,7,8,9,10,10,9,NA,NA,NA,NA,NA,NA,1,300,支払う,500,支払う,100,NA,NA,NA,NA
192,12,7月19-20日,NA,男性,50代,道内,釧路市,NA,NA,2,2,NA,NA,NA,NA,NA,NA,NA,NA,NA,NA,8,5,3,3,8,9,9,9,8,NA,NA,NA,NA,NA,NA,1,1000,支払わない,1500,NA,500,支払う,NA,NA,NA
193,13,7月19-20日,Y,女性,40代,道外,NA,大阪,4回目以上,3,1,NA,NA,NA,NA,NA,NA,NA,NA,NA,NA,10,5,5,8,9,10,10,10,10,NA,NA,NA,NA,NA,NA,2,100,支払う,300,支払う,50,NA,NA,NA,NA
194,14,7月19-20日,NA,女性,60代,道内,札幌市,NA,NA,2,1,NA,NA,NA,NA,NA,NA,NA,NA,NA,NA,10,8,8,8,8,10,10,10,10,NA,NA,NA,NA,NA,NA,2,300,支払わない,500,NA,100,支払う,NA,NA,NA
195,15,7月19-20日,Y,女性,30代,道内,札幌市,NA,NA,3,NA,NA,NA,NA,NA,NA,NA,NA,NA,NA,NA,8,10,4,2,6,10,10,6,4,NA,NA,NA,NA,NA,NA,2,500,支払う,1000,支払わない,300,NA,NA,NA,NA
196,16,7月19-20日,NA,男性,50代,道外,NA,東京都,2,2,1,NA,NA,NA,NA,NA,NA,NA,NA,NA,NA,6,4,3,5,4,6,7,8,8,NA,NA,NA,NA,NA,NA,2,300,支払う,500,支払う,100,NA,NA,NA,NA
197,17,7月19-20日,99,女性,40代,道外,NA,東京,4回目以上,3,2,NA,NA,NA,NA,NA,NA,NA,NA,NA,NA,7,9,9,7,7,10,10,10,8,NA,NA,NA,NA,NA,NA,1,100,支払う,300,支払う,50,NA,NA,NA,NA
198,18,7月19-20日,99,男性,60代,道外,NA,東京都,NA,3,NA,NA,NA,NA,NA,NA,NA,NA,NA,NA,NA,8,8,8,8,8,8,8,8,8,NA,NA,NA,NA,NA,NA,2,300,支払う,500,支払う,100,NA,NA,NA,NA
199,19,7月19-20日,1,男性,60代,道外,NA,大阪府,4回目以上,2,1,NA,NA,NA,NA,NA,NA,NA,NA,NA,NA,8,8,8,3,8,8,8,8,8,NA,NA,NA,NA,NA,NA,2,100,支払う,300,支払う,50,NA,NA,NA,NA
200,20,7月19-20日,99,男性,10代,道外,NA,東京都,4回目以上,3,2,NA,NA,NA,NA,NA,NA,NA,NA,NA,NA,7,NA,4,7,8,8,8,8,8,NA,NA,NA,NA,NA,NA,2,300,支払う,500,支払わない,100,NA,NA,NA,NA
201,21,7月19-20日,1,女性,50代,道外,NA,大阪府,3,2,NA,NA,NA,NA,NA,NA,NA,NA,NA,NA,NA,10,8,8,5,10,10,10,10,10,NA,NA,NA,NA,NA,NA,1,300,支払う,500,支払う,100,NA,NA,NA,NA
202,22,7月19-20日,NA,男性,30代,道内,札幌市,NA,NA,1,1,NA,NA,NA,NA,NA,NA,NA,NA,NA,NA,8,4,4,4,6,8,6,6,4,NA,NA,NA,NA,NA,NA,2,300,支払う,500,支払う,100,NA,NA,NA,NA
203,23,7月19-20日,NA,男性,50代,道外,NA,長崎県,4回目以上,2,1,NA,NA,NA,NA,NA,NA,NA,NA,NA,NA,8,4,5,4,4,8,8,9,7,NA,NA,NA,NA,NA,NA,1,1000,支払う,1500,支払わない,500,NA,NA,NA,NA
204,24,7月19-20日,2,女性,50代,道内,北見市,NA,NA,4,2,NA,NA,NA,NA,NA,NA,NA,NA,NA,NA,10,8,5,10,10,10,10,10,10,NA,NA,NA,NA,NA,NA,2,100,支払う,300,支払う,50,NA,NA,NA,NA
205,25,7月19-20日,2,男性,20代,道外,NA,愛知県,3,4,1,NA,NA,NA,NA,NA,NA,NA,NA,NA,NA,10,5,5,3,8,10,10,10,5,NA,NA,NA,NA,NA,NA,2,300,支払う,500,支払う,100,NA,NA,NA,NA
206,26,7月19-20日,NA,男性,20代,道内,岩見沢市,NA,NA,2,2,NA,NA,NA,NA,NA,NA,NA,NA,NA,NA,10,10,10,10,10,10,10,10,10,NA,NA,NA,NA,NA,NA,1,300,支払う,500,支払う,100,NA,NA,NA,NA
207,27,7月19-20日,NA,女性,60代,道外,NA,東京都,4回目以上,2,1,NA,NA,NA,NA,NA,NA,NA,NA,NA,NA,7,9,3,8,10,8,8,8,8,NA,NA,NA,NA,NA,NA,2,100,支払う,300,支払う,50,NA,NA,NA,NA
208,28,7月19-20日,4,女性,50代,道外,NA,東京都,4回目以上,2,1,NA,NA,NA,NA,NA,NA,NA,NA,NA,NA,5,3,1,5,3,10,3,3,3,NA,NA,NA,NA,NA,NA,2,500,支払わない,1000,NA,300,支払わない,NA,NA,NA
209,29,7月19-20日,2,女性,20代,道内,北見市,NA,NA,4,2,NA,NA,NA,NA,NA,NA,NA,NA,NA,NA,7,5,5,3,5,9,9,9,9,NA,NA,NA,NA,NA,NA,2,100,支払う,300,支払う,50,NA,NA,NA,NA
210,30,7月19-20日,NA,女性,30代,道内,岩見沢市,NA,NA,2,1,NA,NA,NA,NA,NA,NA,NA,NA,NA,NA,4,4,5,4,5,5,6,6,5,NA,NA,NA,NA,NA,NA,1,500,支払う,1000,支払う,300,NA,NA,NA,NA
211,31,7月19-20日,NA,男性,20代,道外,NA,東京都,3,2,1,NA,NA,NA,NA,NA,NA,NA,NA,NA,NA,10,5,2,2,9,10,10,10,8,NA,NA,NA,NA,NA,NA,1,500,支払う,1000,支払わない,300,NA,NA,NA,NA
212,32,7月19-20日,4,男性,70代以上,道外,NA,東京都,4回目以上,2,1,NA,NA,NA,NA,NA,NA,NA,NA,NA,NA,6,8,2,9,5,4,3,8,6,NA,NA,NA,NA,NA,NA,2,1000,支払わない,1500,NA,500,支払わない,NA,NA,NA
213,33,7月19-20日,⑧,男性,40代,道内,北見市,NA,NA,2,3回目以上,NA,NA,NA,NA,NA,NA,NA,NA,NA,NA,9,9,6,6,8,8,10,9,6,NA,NA,NA,NA,NA,NA,1,100,支払う,300,支払う,50,NA,NA,NA,NA
214,34,7月19-20日,NA,女性,50代,道外,NA,神奈川県,4回目以上,2,1,NA,NA,NA,NA,NA,NA,NA,NA,NA,NA,8,5,8,5,8,9,9,9,9,NA,NA,NA,NA,NA,NA,2,300,支払う,500,支払う,100,NA,NA,NA,NA
215,35,7月19-20日,NA,女性,60代,道外,NA,神奈川県,4回目以上,2,1,NA,NA,NA,NA,NA,NA,NA,NA,NA,NA,6,10,4,7,5,6,7,8,7,NA,NA,NA,NA,NA,NA,2,1000,支払わない,1500,NA,500,支払う,NA,NA,NA
216,36,7月19-20日,8,NA,50代,道外,NA,千葉県,1,2,NA,NA,NA,NA,NA,NA,NA,NA,NA,NA,NA,10,10,10,10,10,10,10,10,5,NA,NA,NA,NA,NA,NA,1,300,支払う,500,支払わない,100,NA,NA,NA,NA
217,37,7月19-20日,N,男性,40代,道外,NA,神奈川県,4回目以上,3,1,NA,NA,NA,NA,NA,NA,NA,NA,NA,NA,10,10,8,8,10,10,10,10,7,NA,NA,NA,NA,NA,NA,1,100,支払う,300,支払う,50,NA,NA,NA,NA
218,38,7月19-20日,N,女性,40代,道外,NA,神奈川県,3,3,1,NA,NA,NA,NA,NA,NA,NA,NA,NA,NA,10,10,10,10,10,10,10,10,10,NA,NA,NA,NA,NA,NA,2,500,支払う,1000,支払わない,300,NA,NA,NA,NA
219,39,7月19-20日,NA,女性,50代,道外,NA,富山県,2,3,1,NA,NA,NA,NA,NA,NA,NA,NA,NA,NA,5,8,4,4,5,8,8,8,7,NA,NA,NA,NA,NA,NA,1,300,支払う,500,支払う,100,NA,NA,NA,NA
220,40,7月19-20日,NA,女性,60代,道内,根室市,NA,NA,1,NA,NA,NA,NA,NA,NA,NA,NA,NA,NA,NA,10,10,10,6,7,5,10,10,2,NA,NA,NA,NA,NA,NA,1,300,支払わない,500,NA,100,支払わない,NA,NA,NA
221,41,7月19-20日,P,男性,10代,道外,NA,神奈川,4回目以上,4,1,NA,NA,NA,NA,NA,NA,NA,NA,NA,NA,10,5,10,8,9,8,9,10,9,NA,NA,NA,NA,NA,NA,2,1000,支払わない,1500,NA,500,支払わない,NA,NA,NA
222,42,7月19-20日,6,女性,50代,道内,北見市,NA,NA,2,1,NA,NA,NA,NA,NA,NA,NA,NA,NA,NA,10,10,5,6,8,10,9,9,10,NA,NA,NA,NA,NA,NA,2,500,支払う,1000,支払わない,300,NA,NA,NA,NA
223,43,7月19-20日,NA,男性,50代,道外,NA,埼玉県,4回目以上,2,1,NA,NA,NA,NA,NA,NA,NA,NA,NA,NA,8,6,6,7,9,10,10,10,10,NA,NA,NA,NA,NA,NA,2,100,支払う,300,支払う,50,NA,NA,NA,NA
224,44,7月19-20日,NA,女性,60代,道内,北見市,NA,NA,3,3回目以上,NA,NA,NA,NA,NA,NA,NA,NA,NA,NA,10,8,8,8,8,10,10,10,10,NA,NA,NA,NA,NA,NA,1,1000,支払わない,1500,NA,500,支払う,NA,NA,NA
225,45,7月19-20日,8,女性,50代,道外,NA,愛知県,3,2,1,NA,NA,NA,NA,NA,NA,NA,NA,NA,NA,10,4,6,6,8,10,10,10,8,NA,NA,NA,NA,NA,NA,1,300,支払う,500,支払わない,100,NA,NA,NA,NA
226,46,7月19-20日,⑥,男性,50代,道内,札幌市,NA,NA,2,NA,NA,NA,NA,NA,NA,NA,NA,NA,NA,NA,5,8,3,3,6,6,9,10,5,NA,NA,NA,NA,NA,NA,2,100,支払う,300,支払う,50,NA,NA,NA,NA
227,47,7月19-20日,8,女性,10代,道外,NA,愛知県,2,2,1,NA,NA,NA,NA,NA,NA,NA,NA,NA,NA,10,8,10,10,10,10,10,10,10,NA,NA,NA,NA,NA,NA,2,500,支払わない,1000,NA,300,支払う,NA,NA,NA
228,48,7月19-20日,4,女性,50代,道外,NA,大阪府,3,2,1,NA,NA,NA,NA,NA,NA,NA,NA,NA,NA,8,4,8,4,10,10,7,10,8,NA,NA,NA,NA,NA,NA,2,100,支払う,300,支払う,50,NA,NA,NA,NA
229,49,7月19-20日,NA,女性,60代,道内,北見市,NA,NA,3,2,NA,NA,NA,NA,NA,NA,NA,NA,NA,NA,1,5,10,1,1,1,1,1,2,NA,NA,NA,NA,NA,NA,1,500,支払う,1000,支払わない,300,NA,NA,NA,NA
230,50,7月19-20日,④,女性,20代,道内,北見市,NA,NA,2,3回目以上,NA,NA,NA,NA,NA,NA,NA,NA,NA,NA,10,1,6,2,10,10,10,10,10,NA,NA,NA,NA,NA,NA,2,1000,支払わない,1500,NA,500,支払う,NA,NA,NA
231,51,7月19-20日,夫,NA,70代以上,道外,NA,大阪府,4回目以上,2,1,NA,NA,NA,NA,NA,NA,NA,NA,NA,NA,10,7,7,5,9,10,10,10,10,NA,NA,NA,NA,NA,NA,1,100,NA,300,NA,50,NA,NA,NA,NA
232,52,7月19-20日,4,女性,40代,道内,釧路,NA,NA,2,NA,NA,NA,NA,NA,NA,NA,NA,NA,NA,NA,10,7,10,6,9,10,9,10,10,NA,NA,NA,NA,NA,NA,2,300,支払う,500,支払わない,100,NA,NA,NA,NA
233,53,7月19-20日,4,男性,40代,道内,標茶町,NA,NA,2,1,NA,NA,NA,NA,NA,NA,NA,NA,NA,NA,10,5,5,7,8,8,10,10,10,NA,NA,NA,NA,NA,NA,2,300,支払う,500,支払わない,100,NA,NA,NA,NA
234,54,7月19-20日,夫,女性,60代,道外,NA,大阪府,4回目以上,2,1,NA,NA,NA,NA,NA,NA,NA,NA,NA,NA,8,4,4,4,8,8,8,9,9,NA,NA,NA,NA,NA,NA,1,1000,NA,1500,NA,500,支払う,NA,NA,NA
235,55,7月19-20日,Q,男性,50代,道内,小樽市,NA,NA,3,3回目以上,NA,NA,NA,NA,NA,NA,NA,NA,NA,NA,7,7,5,7,7,7,7,7,7,NA,NA,NA,NA,NA,NA,2,300,支払う,500,支払わない,100,支払う,NA,NA,NA
236,56,7月19-20日,NA,男性,50代,道外,NA,愛知県,4回目以上,1,3回目以上,NA,NA,NA,NA,NA,NA,NA,NA,NA,NA,8,3,3,8,8,8,6,8,8,NA,NA,NA,NA,NA,NA,2,500,支払わない,1000,NA,300,支払う,NA,NA,NA
237,57,7月19-20日,Q,女性,50代,道内,小樽,NA,NA,2,3回目以上,NA,NA,NA,NA,NA,NA,NA,NA,NA,NA,5,5,5,5,5,5,5,5,5,NA,NA,NA,NA,NA,NA,1,1000,支払う,1500,支払わない,500,NA,NA,NA,NA
238,58,7月19-20日,NA,男性,50代,道内,中標津町,NA,NA,1,3回目以上,NA,NA,NA,NA,NA,NA,NA,NA,NA,NA,10,9,5,8,10,10,10,10,8,NA,NA,NA,NA,NA,NA,2,500,支払う,1000,支払う,300,NA,NA,NA,NA
239,59,7月19-20日,5,男性,50代,道内,本別町,NA,NA,1,2,NA,NA,NA,NA,NA,NA,NA,NA,NA,NA,10,7,7,5,10,10,10,10,10,NA,NA,NA,NA,NA,NA,1,1000,支払う,1500,支払わない,500,NA,NA,NA,NA
240,60,7月19-20日,R,男性,50代,道内,札幌市,NA,NA,2,1,NA,NA,NA,NA,NA,NA,NA,NA,NA,NA,7,4,1,7,6,9,9,9,9,NA,NA,NA,NA,NA,NA,1,1000,支払わない,1500,NA,500,支払わない,NA,NA,NA
241,61,7月19-20日,R,男性,40代,道内,札幌市,NA,NA,2,2,NA,NA,NA,NA,NA,NA,NA,NA,NA,NA,8,7,7,7,8,9,8,8,8,NA,NA,NA,NA,NA,NA,2,100,支払う,300,支払う,50,NA,NA,NA,NA
242,62,7月19-20日,NA,女性,60代,道内,札幌市,NA,NA,2,1,NA,NA,NA,NA,NA,NA,NA,NA,NA,NA,10,10,10,10,10,10,10,10,10,NA,NA,NA,NA,NA,NA,2,500,支払う,1000,支払わない,300,NA,NA,NA,NA
243,63,7月19-20日,NA,女性,50代,道外,NA,埼玉県,4回目以上,2,1,NA,NA,NA,NA,NA,NA,NA,NA,NA,NA,8,6,6,7,7,8,8,8,7,NA,NA,NA,NA,NA,NA,2,100,支払う,300,支払う,50,NA,NA,NA,NA
244,64,7月19-20日,S,女性,60代,道内,斜里町,NA,NA,2,1,NA,NA,NA,NA,NA,NA,NA,NA,NA,NA,10,6,5,7,8,10,8,10,10,NA,NA,NA,NA,NA,NA,2,300,支払う,500,支払う,100,NA,NA,NA,NA
245,65,7月19-20日,S,男性,60代,道外,NA,埼玉県,3,2,1,NA,NA,NA,NA,NA,NA,NA,NA,NA,NA,10,8,6,5,7,10,8,10,8,NA,NA,NA,NA,NA,NA,2,1000,支払う,1500,支払う,500,NA,NA,NA,NA
246,66,7月19-20日,NA,女性,50代,道内,釧路市,NA,NA,2,3回目以上,NA,NA,NA,NA,NA,NA,NA,NA,NA,NA,8,6,4,4,6,9,8,8,7,NA,NA,NA,NA,NA,NA,1,500,支払う,1000,支払わない,300,NA,NA,NA,NA
247,67,7月19-20日,NA,男性,30代,道外,NA,東京都,3,2,1,NA,NA,NA,NA,NA,NA,NA,NA,NA,NA,8,6,5,3,7,7,9,10,5,NA,NA,NA,NA,NA,NA,1,1000,支払わない,1500,NA,500,支払う,NA,NA,NA
248,68,7月19-20日,3,男性,60代,道外,NA,神奈川県,3,2,1,NA,NA,NA,NA,NA,NA,NA,NA,NA,NA,8,7,5,5,5,8,8,8,8,NA,NA,NA,NA,NA,NA,1,300,支払う,500,支払う,100,NA,NA,NA,NA
249,69,7月19-20日,3,女性,50代,道外,NA,神奈川県,3,2,1,NA,NA,NA,NA,NA,NA,NA,NA,NA,NA,8,10,5,10,8,8,8,8,8,NA,NA,NA,NA,NA,NA,1,500,支払う,1000,支払う,300,NA,NA,NA,NA
250,70,7月19-20日,6,男性,50代,道外,NA,神奈川県,4回目以上,3,1,NA,NA,NA,NA,NA,NA,NA,NA,NA,NA,8,7,5,5,7,7,7,7,7,NA,NA,NA,NA,NA,NA,1,1000,支払わない,1500,NA,500,支払わない,NA,NA,NA
251,71,7月19-20日,NA,女性,50代,道外,NA,神奈川県,4回目以上,3,1,NA,NA,NA,NA,NA,NA,NA,NA,NA,NA,7,7,5,5,6,9,9,9,7,NA,NA,NA,NA,NA,NA,1,500,支払わない,1000,NA,300,支払う,NA,NA,NA
252,72,7月19-20日,NA,男性,50代,道内,弟子屈町,NA,NA,2,2,NA,NA,NA,NA,NA,NA,NA,NA,NA,NA,9,1,5,1,6,10,10,10,10,NA,NA,NA,NA,NA,NA,1,1000,支払わない,1500,NA,500,支払う,NA,NA,NA
253,73,7月19-20日,NA,女性,20代,道外,NA,東京都,4回目以上,2,1,NA,NA,NA,NA,NA,NA,NA,NA,NA,NA,6,6,5,6,6,7,10,8,6,NA,NA,NA,NA,NA,NA,1,100,NA,300,支払う,50,NA,NA,NA,NA
254,74,7月19-20日,3,女性,70代以上,道外,NA,和歌山県,4回目以上,3,NA,NA,NA,NA,NA,NA,NA,NA,NA,NA,NA,5,5,2,5,5,6,6,8,4,NA,NA,NA,NA,NA,NA,1,100,支払う,300,支払う,50,NA,NA,NA,NA
255,75,7月19-20日,NA,男性,30代,道外,NA,埼玉県,2,2,1,NA,NA,NA,NA,NA,NA,NA,NA,NA,NA,8,6,5,5,8,9,9,8,9,NA,NA,NA,NA,NA,NA,1,300,支払う,500,支払う,100,NA,NA,NA,NA
256,76,7月19-20日,NA,男性,20代,道外,NA,三重県,4回目以上,4,1,NA,NA,NA,NA,NA,NA,NA,NA,NA,NA,5,5,5,5,5,5,5,5,5,NA,NA,NA,NA,NA,NA,1,300,支払わない,500,NA,100,支払う,NA,NA,NA
257,77,7月19-20日,3,男性,30代,道外,NA,京都府,4回目以上,4,1,NA,NA,NA,NA,NA,NA,NA,NA,NA,NA,10,8,8,3,10,10,10,10,8,NA,NA,NA,NA,NA,NA,2,300,支払う,500,支払う,100,NA,NA,NA,NA
258,78,7月19-20日,6,男性,20代,道外,NA,神奈川県,4回目以上,3,1,NA,NA,NA,NA,NA,NA,NA,NA,NA,NA,7,10,5,5,7,10,7,7,7,NA,NA,NA,NA,NA,NA,2,1000,支払う,1500,支払わない,500,NA,NA,NA,NA
259,79,7月19-20日,NA,女性,60代,道内,帯広,NA,NA,3,1,NA,NA,NA,NA,NA,NA,NA,NA,NA,NA,7,7,3,9,9,8,8,8,8,NA,NA,NA,NA,NA,NA,2,500,支払わない,1000,NA,300,支払う,NA,NA,NA
260,80,7月19-20日,NA,NA,60代,道外,NA,青森県,4回目以上,1,1,NA,NA,NA,NA,NA,NA,NA,NA,NA,NA,10,7,5,8,8,10,10,7,8,NA,NA,NA,NA,NA,NA,2,1000,支払う,1500,支払わない,500,支払う,NA,NA,NA
261,81,7月19-20日,NA,男性,20代,道外,NA,愛知県,3,4,1,NA,NA,NA,NA,NA,NA,NA,NA,NA,NA,6,5,2,4,5,4,7,7,6,NA,NA,NA,NA,NA,NA,2,100,支払う,300,支払う,50,NA,NA,NA,NA
262,82,7月19-20日,NA,女性,50代,道外,NA,宮城県,4回目以上,2,1,NA,NA,NA,NA,NA,NA,NA,NA,NA,NA,7,7,5,7,6,7,8,8,8,NA,NA,NA,NA,NA,NA,1,1000,支払う,1500,支払う,500,NA,NA,NA,NA
263,83,7月19-20日,5,女性,50代,道外,NA,京都府,4回目以上,2,3回目以上,NA,NA,NA,NA,NA,NA,NA,NA,NA,NA,10,8,6,8,8,10,8,10,8,NA,NA,NA,NA,NA,NA,1,300,NA,500,支払う,100,NA,NA,NA,NA
264,84,7月19-20日,5,男性,50代,道外,NA,京都府,4回目以上,2,3回目以上,NA,NA,NA,NA,NA,NA,NA,NA,NA,NA,8,8,6,8,8,9,7,8,6,NA,NA,NA,NA,NA,NA,1,100,支払う,300,支払う,50,NA,NA,NA,NA
265,85,7月19-20日,type,女性,20代,道内,札幌市,NA,NA,4,1,NA,NA,NA,NA,NA,NA,NA,NA,NA,NA,10,7,5,10,8,10,10,10,10,NA,NA,NA,NA,NA,NA,2,300,支払う,500,支払わない,100,NA,NA,NA,NA
266,86,7月19-20日,NA,男性,50代,道外,NA,宮城県,4回目以上,2,1,NA,NA,NA,NA,NA,NA,NA,NA,NA,NA,8,5,3,3,7,8,6,8,8,NA,NA,NA,NA,NA,NA,2,300,支払わない,500,NA,100,支払わない,NA,NA,NA
267,87,7月19-20日,T,女性,20代,道内,札幌市,NA,NA,4,NA,NA,NA,NA,NA,NA,NA,NA,NA,NA,NA,9,3,2,4,5,10,10,10,10,NA,NA,NA,NA,NA,NA,1,1000,支払わない,1500,NA,500,支払う,NA,NA,NA
268,88,7月19-20日,NA,女性,30代,道外,NA,福岡県,1,2,1,NA,NA,NA,NA,NA,NA,NA,NA,NA,NA,10,8,3,6,8,10,10,10,10,NA,NA,NA,NA,NA,NA,1,1000,NA,1500,支払う,500,NA,NA,NA,NA
269,89,7月19-20日,T,女性,20代,道内,札幌市,NA,NA,4,1,NA,NA,NA,NA,NA,NA,NA,NA,NA,NA,9,6,8,8,8,8,8,10,8,NA,NA,NA,NA,NA,NA,2,100,支払う,300,支払う,50,NA,NA,NA,NA
270,90,7月19-20日,T,男性,30代,道内,札幌市,NA,NA,4,1,NA,NA,NA,NA,NA,NA,NA,NA,NA,NA,10,10,10,10,10,10,10,10,10,NA,NA,NA,NA,NA,NA,1,500,支払う,1000,支払わない,300,NA,NA,NA,NA
271,91,7月19-20日,U,男性,50代,道内,札幌市,NA,NA,2,3回目以上,NA,NA,NA,NA,NA,NA,NA,NA,NA,NA,8,2,2,7,9,9,9,9,9,NA,NA,NA,NA,NA,NA,1,100,支払う,300,支払う,50,NA,NA,NA,NA
272,92,7月19-20日,NA,男性,60代,道外,NA,茨城県,1,1,1,NA,NA,NA,NA,NA,NA,NA,NA,NA,NA,6,6,3,3,6,5,5,5,3,NA,NA,NA,NA,NA,NA,2,500,支払わない,1000,NA,300,支払わない,NA,NA,NA
273,93,7月19-20日,U,女性,50代,道外,NA,愛知県,4回目以上,2,1,NA,NA,NA,NA,NA,NA,NA,NA,NA,NA,8,8,8,8,8,9,9,9,9,NA,NA,NA,NA,NA,NA,1,100,NA,300,支払う,50,支払う,NA,NA,NA
274,94,7月19-20日,カ,女性,40代,道外,NA,東京都,3,2,1,NA,NA,NA,NA,NA,NA,NA,NA,NA,NA,10,10,10,10,10,10,10,10,10,NA,NA,NA,NA,NA,NA,1,500,支払う,1000,支払う,300,NA,NA,NA,NA
275,95,7月19-20日,4,女性,50代,道外,NA,東京,3,3,1,NA,NA,NA,NA,NA,NA,NA,NA,NA,NA,7,7,5,9,8,10,9,9,10,NA,NA,NA,NA,NA,NA,2,100,支払う,300,支払わない,50,NA,NA,NA,NA
276,96,7月19-20日,NA,女性,50代,道外,NA,茨城県,1,2,1,NA,NA,NA,NA,NA,NA,NA,NA,NA,NA,5,4,4,4,4,7,7,7,7,NA,NA,NA,NA,NA,NA,2,1000,支払わない,1500,NA,500,支払う,NA,NA,NA
277,97,7月19-20日,NA,男性,20代,道内,旭川市,NA,NA,2,1,NA,NA,NA,NA,NA,NA,NA,NA,NA,NA,9,3,3,3,7,10,10,10,10,NA,NA,NA,NA,NA,NA,2,500,支払わない,1000,NA,300,支払わない,NA,NA,NA
278,98,7月19-20日,NA,男性,20代,NA,NA,NA,4回目以上,3,3回目以上,NA,NA,NA,NA,NA,NA,NA,NA,NA,NA,8,8,8,8,8,8,8,8,8,NA,NA,NA,NA,NA,NA,2,1000,支払わない,1500,NA,500,NA,NA,NA,NA
279,99,7月19-20日,4,男性,50代,道外,NA,東京都,1,3,1,NA,NA,NA,NA,NA,NA,NA,NA,NA,NA,9,7,4,5,5,9,9,9,6,NA,NA,NA,NA,NA,NA,1,1000,支払わない,1500,NA,500,支払わない,NA,NA,NA
280,100,7月19-20日,4,女性,10代,道外,NA,東京都,1,NA,NA,NA,NA,NA,NA,NA,NA,NA,NA,NA,NA,1,1,1,1,1,1,1,1,1,NA,NA,NA,NA,NA,NA,2,100,支払う,300,支払わない,50,支払う,NA,NA,NA
281,101,7月19-20日,NA,女性,NA,道内,帯広市,NA,NA,1,1,NA,NA,NA,NA,NA,NA,NA,NA,NA,NA,6,7,3,7,6,6,8,10,8,NA,NA,NA,NA,NA,NA,1,1000,支払わない,1500,NA,500,支払う,NA,NA,NA
282,102,7月19-20日,3,男性,30代,道外,NA,東京,1,2,1,NA,NA,NA,NA,NA,NA,NA,NA,NA,NA,8,8,4,7,7,8,8,7,6,NA,NA,NA,NA,NA,NA,2,1000,支払う,1500,支払わない,500,NA,NA,NA,NA
283,103,7月19-20日,NA,女性,50代,道内,北見市,NA,NA,2,2,NA,NA,NA,NA,NA,NA,NA,NA,NA,NA,10,10,10,10,10,10,10,10,10,NA,NA,NA,NA,NA,NA,2,300,支払う,500,支払う,100,NA,NA,NA,NA
284,104,7月19-20日,3,女性,30代,道外,NA,東京都,4回目以上,2,1,NA,NA,NA,NA,NA,NA,NA,NA,NA,NA,10,10,5,5,8,10,10,10,10,NA,NA,NA,NA,NA,NA,2,500,支払う,1000,支払う,300,NA,NA,NA,NA
285,105,7月19-20日,2,女性,50代,道外,NA,東京都,4回目以上,2,1,NA,NA,NA,NA,NA,NA,NA,NA,NA,NA,9,4,4,8,8,10,7,8,7,NA,NA,NA,NA,NA,NA,2,300,NA,500,支払う,100,NA,NA,NA,NA
286,106,7月19-20日,NA,男性,20代,道内,札幌市,NA,NA,4,1,NA,NA,NA,NA,NA,NA,NA,NA,NA,NA,8,7,6,8,9,10,9,10,9,NA,NA,NA,NA,NA,NA,1,1000,支払う,1500,支払わない,500,NA,NA,NA,NA
287,107,7月19-20日,ｎ,女性,30代,道内,釧路市,NA,NA,3,1,NA,NA,NA,NA,NA,NA,NA,NA,NA,NA,1,4,1,2,1,1,1,1,1,NA,NA,NA,NA,NA,NA,1,300,支払う,500,支払う,100,支払う,NA,NA,NA
288,108,7月19-20日,n,男性,40代,道内,釧路市,NA,NA,3,3回目以上,NA,NA,NA,NA,NA,NA,NA,NA,NA,NA,10,10,7,7,10,10,10,10,10,NA,NA,NA,NA,NA,NA,2,500,支払う,1000,支払う,300,NA,NA,NA,NA
289,109,7月19-20日,NA,男性,50代,道内,北見市,NA,NA,2,NA,NA,NA,NA,NA,NA,NA,NA,NA,NA,NA,10,8,5,6,8,10,10,10,8,NA,NA,NA,NA,NA,NA,1,500,支払う,1000,支払う,300,NA,NA,NA,NA
290,110,7月19-20日,NA,男性,20代,道内,札幌市,NA,NA,4,1,NA,NA,NA,NA,NA,NA,NA,NA,NA,NA,9,6,6,5,8,10,10,7,7,NA,NA,NA,NA,NA,NA,2,100,支払う,300,支払わない,50,NA,NA,NA,NA
291,111,7月19-20日,V,男性,10代,道内,斜里町,NA,NA,2,1,NA,NA,NA,NA,NA,NA,NA,NA,NA,NA,8,5,2,2,6,10,9,10,7,NA,NA,NA,NA,NA,NA,1,500,支払う,1000,支払う,300,NA,NA,NA,NA
292,112,7月19-20日,V,男性,20代,道内,釧路町,NA,NA,2,3回目以上,NA,NA,NA,NA,NA,NA,NA,NA,NA,NA,10,7,6,7,9,10,10,10,10,NA,NA,NA,NA,NA,NA,2,300,支払う,500,支払わない,100,NA,NA,NA,NA
293,113,7月19-20日,NA,男性,60代,道外,NA,群馬県,4回目以上,1,3回目以上,NA,NA,NA,NA,NA,NA,NA,NA,NA,NA,10,8,8,8,8,10,10,10,10,NA,NA,NA,NA,NA,NA,1,1000,支払わない,1500,NA,500,支払わない,NA,NA,NA
294,114,7月19-20日,NA,男性,20代,道内,札幌市,NA,NA,4,1,NA,NA,NA,NA,NA,NA,NA,NA,NA,NA,7,7,8,9,6,7,6,4,4,NA,NA,NA,NA,NA,NA,2,500,支払わない,1000,NA,300,支払わない,NA,NA,NA
295,115,7月19-20日,O,男性,20代,道内,札幌市,NA,NA,3,1,NA,NA,NA,NA,NA,NA,NA,NA,NA,NA,10,3,3,2,8,10,10,9,8,NA,NA,NA,NA,NA,NA,2,1000,支払わない,1500,NA,500,支払う,NA,NA,NA
296,116,7月19-20日,NA,男性,40代,道外,NA,東京都,4回目以上,1,3回目以上,NA,NA,NA,NA,NA,NA,NA,NA,NA,NA,8,8,6,6,8,10,8,9,7,NA,NA,NA,NA,NA,NA,2,300,支払う,500,支払う,100,NA,NA,NA,NA
297,117,7月19-20日,NA,男性,20代,道内,札幌市,NA,NA,4,1,NA,NA,NA,NA,NA,NA,NA,NA,NA,NA,7,3,3,7,8,9,10,10,8,NA,NA,NA,NA,NA,NA,2,300,支払わない,500,NA,100,支払う,NA,NA,NA
298,118,7月19-20日,NA,男性,60代,道外,NA,群馬県,4回目以上,1,3回目以上,NA,NA,NA,NA,NA,NA,NA,NA,NA,NA,10,8,8,8,8,10,10,10,10,NA,NA,NA,NA,NA,NA,1,1000,支払わない,1500,NA,500,支払わない,NA,NA,NA
299,119,7月19-20日,O,男性,20代,道外,NA,神奈川県,4回目以上,3,1,NA,NA,NA,NA,NA,NA,NA,NA,NA,NA,8,5,10,8,8,8,10,10,10,NA,NA,NA,NA,NA,NA,2,1000,支払わない,1500,NA,500,支払う,NA,NA,NA
300,120,7月19-20日,??,男性,20代,道外,NA,愛媛県,3,3,1,NA,NA,NA,NA,NA,NA,NA,NA,NA,NA,8,7,8,8,8,7,9,10,6,NA,NA,NA,NA,NA,NA,1,1000,支払わない,1500,NA,500,支払う,NA,NA,NA
301,121,7月19-20日,NA,女性,10代,道外,NA,埼玉県,3,4,1,NA,NA,NA,NA,NA,NA,NA,NA,NA,NA,10,7,6,8,10,10,9,10,10,NA,NA,NA,NA,NA,NA,1,300,支払う,500,支払う,100,NA,NA,NA,NA
302,122,7月19-20日,2,男性,50代,道外,NA,東京,4回目以上,2,3回目以上,NA,NA,NA,NA,NA,NA,NA,NA,NA,NA,10,6,4,5,8,10,10,9,5,NA,NA,NA,NA,NA,NA,2,500,支払わない,1000,NA,300,支払う,NA,NA,NA
303,123,7月19-20日,NA,男性,60代,道外,NA,大阪府,1,2,1,NA,NA,NA,NA,NA,NA,NA,NA,NA,NA,10,8,8,5,8,10,8,8,8,NA,NA,NA,NA,NA,NA,2,300,支払う,500,支払わない,100,支払う,NA,NA,NA
304,124,7月19-20日,2,女性,30代,道内,釧路市,NA,NA,2,1,NA,NA,NA,NA,NA,NA,NA,NA,NA,NA,8,10,9,5,10,9,5,8,8,NA,NA,NA,NA,NA,NA,2,1000,NA,1500,支払う,500,NA,NA,NA,NA
305,125,7月19-20日,NA,男性,10代,道外,NA,埼玉県,3,4,1,NA,NA,NA,NA,NA,NA,NA,NA,NA,NA,10,5,6,7,9,10,10,10,10,NA,NA,NA,NA,NA,NA,1,300,支払う,500,支払う,100,NA,NA,NA,NA
306,126,7月19-20日,2,男性,50代,道外,NA,福島県,2,3,NA,NA,NA,NA,NA,NA,NA,NA,NA,NA,NA,10,4,3,9,10,10,10,10,10,NA,NA,NA,NA,NA,NA,1,300,支払う,500,支払う,100,NA,NA,NA,NA
307,127,7月19-20日,NA,男性,60代,道外,NA,愛知県,4回目以上,1,2,NA,NA,NA,NA,NA,NA,NA,NA,NA,NA,8,3,3,3,5,10,10,8,10,NA,NA,NA,NA,NA,NA,1,500,支払わない,1000,NA,300,支払う,NA,NA,NA
308,128,7月19-20日,NA,女性,40代,道外,NA,埼玉県,4回目以上,4,1,NA,NA,NA,NA,NA,NA,NA,NA,NA,NA,10,5,8,5,9,10,10,10,10,NA,NA,NA,NA,NA,NA,2,100,支払う,300,支払う,50,NA,NA,NA,NA
309,129,7月19-20日,2,男性,60代,道内,釧路町,NA,NA,2,3回目以上,NA,NA,NA,NA,NA,NA,NA,NA,NA,NA,5,6,3,5,4,6,4,5,3,NA,NA,NA,NA,NA,NA,1,100,支払う,300,支払わない,50,NA,NA,NA,NA
310,130,7月19-20日,NA,女性,50代,道内,釧路市,NA,NA,1,2,NA,NA,NA,NA,NA,NA,NA,NA,NA,NA,10,2,3,3,6,9,9,9,9,NA,NA,NA,NA,NA,NA,1,100,支払う,300,支払う,50,支払う,NA,NA,NA
311,131,7月19-20日,2,男性,50代,道外,NA,福島県,3,3,1,NA,NA,NA,NA,NA,NA,NA,NA,NA,NA,8,6,6,8,8,10,6,8,8,NA,NA,NA,NA,NA,NA,2,500,支払う,1000,支払わない,300,支払わない,NA,NA,NA
312,132,7月19-20日,NA,男性,60代,道内,釧路市,NA,NA,2,1,NA,NA,NA,NA,NA,NA,NA,NA,NA,NA,7,8,8,5,8,8,8,10,10,NA,NA,NA,NA,NA,NA,1,500,NA,1000,支払う,300,NA,NA,NA,NA
313,133,7月19-20日,2,女性,40代,道外,NA,愛知県,4回目以上,3,1,NA,NA,NA,NA,NA,NA,NA,NA,NA,NA,10,6,3,7,10,10,10,10,9,NA,NA,NA,NA,NA,NA,2,300,支払う,500,支払う,100,NA,NA,NA,NA
314,134,7月19-20日,1,女性,40代,道内,不明,NA,NA,4,2,NA,NA,NA,NA,NA,NA,NA,NA,NA,NA,9,5,9,5,5,5,5,10,10,NA,NA,NA,NA,NA,NA,2,1000,NA,1500,支払わない,500,支払う,NA,NA,NA
315,135,7月19-20日,NA,男性,60代,道外,NA,岩手県,4回目以上,1,1,NA,NA,NA,NA,NA,NA,NA,NA,NA,NA,5,7,5,3,7,10,6,9,5,NA,NA,NA,NA,NA,NA,1,500,支払う,1000,支払わない,300,支払う,NA,NA,NA
316,136,7月19-20日,1,女性,40代,道内,札幌市,NA,NA,3,1,NA,NA,NA,NA,NA,NA,NA,NA,NA,NA,10,6,4,8,10,10,10,10,10,NA,NA,NA,NA,NA,NA,1,300,支払う,500,支払う,100,NA,NA,NA,NA
317,137,7月19-20日,1,NA,40代,道内,札幌,NA,NA,4,1,NA,NA,NA,NA,NA,NA,NA,NA,NA,NA,8,8,5,4,8,8,8,8,8,NA,NA,NA,NA,NA,NA,2,300,支払わない,500,NA,100,支払う,NA,NA,NA
318,138,7月19-20日,NA,女性,40代,道内,札幌市,NA,NA,4,NA,NA,NA,NA,NA,NA,NA,NA,NA,NA,NA,10,3,3,3,8,10,10,10,10,NA,NA,NA,NA,NA,NA,2,100,支払う,300,NA,50,NA,NA,NA,NA
319,139,7月19-20日,NA,男性,20代,道内,苫小牧市,NA,NA,2,3回目以上,NA,NA,NA,NA,NA,NA,NA,NA,NA,NA,10,10,3,6,10,10,10,10,10,NA,NA,NA,NA,NA,NA,2,1000,支払わない,1500,NA,500,支払う,NA,NA,NA
320,140,7月19-20日,7,男性,70代以上,道外,NA,熊本県,4回目以上,1,NA,NA,NA,NA,NA,NA,NA,NA,NA,NA,NA,9,3,1,9,9,10,10,10,10,NA,NA,NA,NA,NA,NA,2,500,支払う,1000,NA,300,NA,NA,NA,NA
321,141,7月19-20日,NA,男性,10代,道内,北見市,NA,NA,1,1,NA,NA,NA,NA,NA,NA,NA,NA,NA,NA,7,5,5,3,8,8,8,8,9,NA,NA,NA,NA,NA,NA,2,100,支払う,300,支払う,50,NA,NA,NA,NA
322,142,7月19-20日,NA,女性,10代,道外,NA,神奈川県,1,3,1,NA,NA,NA,NA,NA,NA,NA,NA,NA,NA,10,2,5,8,8,9,10,9,7,NA,NA,NA,NA,NA,NA,1,100,支払う,300,支払う,50,NA,NA,NA,NA
323,143,7月19-20日,NA,女性,20代,道内,苫小牧市,NA,NA,2,1,NA,NA,NA,NA,NA,NA,NA,NA,NA,NA,8,5,4,7,8,10,9,9,8,NA,NA,NA,NA,NA,NA,2,500,支払う,1000,支払わない,300,NA,NA,NA,NA
324,144,7月19-20日,NA,女性,50代,道外,NA,神奈川県,2,3,1,NA,NA,NA,NA,NA,NA,NA,NA,NA,NA,9,10,9,10,10,10,10,10,10,NA,NA,NA,NA,NA,NA,1,500,支払わない,1000,NA,300,支払う,NA,NA,NA
325,145,7月19-20日,X,女性,60代,道外,NA,埼玉県,NA,2,1,NA,NA,NA,NA,NA,NA,NA,NA,NA,NA,9,9,6,6,9,10,6,10,6,NA,NA,NA,NA,NA,NA,2,100,支払う,300,支払う,50,NA,NA,NA,NA
326,146,7月19-20日,0,女性,20代,道内,中標津町,NA,NA,2,1,NA,NA,NA,NA,NA,NA,NA,NA,NA,NA,10,7,7,8,9,10,10,10,10,NA,NA,NA,NA,NA,NA,2,500,支払う,1000,支払わない,300,NA,NA,NA,NA
327,147,7月19-20日,NA,男性,50代,道外,NA,神奈川県,4回目以上,3,1,NA,NA,NA,NA,NA,NA,NA,NA,NA,NA,9,7,7,7,9,9,8,9,7,NA,NA,NA,NA,NA,NA,1,500,支払う,1000,支払わない,300,NA,NA,NA,NA
328,148,7月19-20日,NA,女性,40代,道内,中標津町,NA,NA,2,3回目以上,NA,NA,NA,NA,NA,NA,NA,NA,NA,NA,10,10,7,7,7,10,10,10,10,NA,NA,NA,NA,NA,NA,2,1000,NA,1500,NA,500,支払う,NA,NA,NA
329,149,7月19-20日,NA,男性,60代,道外,NA,大阪府,2,1,1,NA,NA,NA,NA,NA,NA,NA,NA,NA,NA,5,7,5,7,6,8,8,8,8,NA,NA,NA,NA,NA,NA,2,100,支払う,300,支払う,50,NA,NA,NA,NA
330,150,7月19-20日,NA,女性,60代,道外,NA,愛知県,4回目以上,2,NA,NA,NA,NA,NA,NA,NA,NA,NA,NA,NA,8,5,3,5,6,8,10,10,7,NA,NA,NA,NA,NA,NA,1,500,支払わない,1000,NA,300,NA,NA,NA,NA
331,151,7月19-20日,NA,男性,60代,道内,札幌市,NA,NA,2,1,NA,NA,NA,NA,NA,NA,NA,NA,NA,NA,9,5,5,5,7,8,9,8,9,NA,NA,NA,NA,NA,NA,2,1000,支払わない,1500,NA,500,支払う,NA,NA,NA
332,152,7月19-20日,NA,NA,60代,道外,NA,宮城県,1,2,1,NA,NA,NA,NA,NA,NA,NA,NA,NA,NA,8,3,2,2,8,8,5,5,5,NA,NA,NA,NA,NA,NA,1,100,支払う,300,支払う,50,NA,NA,NA,NA
333,153,7月19-20日,NA,男性,60代,道外,NA,三重県,2,1,1,NA,NA,NA,NA,NA,NA,NA,NA,NA,NA,7,2,1,2,5,5,7,5,3,NA,NA,NA,NA,NA,NA,2,500,支払わない,1000,NA,300,支払う,NA,NA,NA
334,154,7月19-20日,NA,男性,20代,道外,NA,岐阜県,3,1,1,NA,NA,NA,NA,NA,NA,NA,NA,NA,NA,7,8,3,4,6,7,7,8,5,NA,NA,NA,NA,NA,NA,1,500,支払う,1000,支払う,300,NA,NA,NA,NA
335,155,7月19-20日,NA,女性,50代,道外,NA,宮城県,1,2,1,NA,NA,NA,NA,NA,NA,NA,NA,NA,NA,10,7,5,8,9,10,10,10,10,NA,NA,NA,NA,NA,NA,1,300,支払う,500,支払う,100,NA,NA,NA,NA
336,156,7月19-20日,NA,男性,40代,道内,石狩市,NA,NA,2,3回目以上,NA,NA,NA,NA,NA,NA,NA,NA,NA,NA,10,5,7,7,9,10,10,10,10,NA,NA,NA,NA,NA,NA,2,100,支払う,300,支払う,50,NA,NA,NA,NA
337,157,7月19-20日,NA,女性,70代以上,道内,北見市,NA,NA,2,3回目以上,NA,NA,NA,NA,NA,NA,NA,NA,NA,NA,10,8,10,8,10,10,10,10,10,NA,NA,NA,NA,NA,NA,1,300,支払う,500,支払う,100,NA,NA,NA,NA
338,158,7月19-20日,NA,男性,70代以上,道内,北見市,NA,NA,2,3回目以上,NA,NA,NA,NA,NA,NA,NA,NA,NA,NA,5,NA,7,NA,6,10,9,9,NA,NA,NA,NA,NA,NA,NA,1,100,支払う,300,支払う,50,NA,NA,NA,NA
339,159,7月19-20日,NA,男性,30代,道内,中標津町,NA,NA,2,NA,NA,NA,NA,NA,NA,NA,NA,NA,NA,NA,10,2,5,5,8,10,10,10,5,NA,NA,NA,NA,NA,NA,2,300,支払わない,500,NA,100,支払う,NA,NA,NA
340,160,7月19-20日,NA,女性,30代,道内,伊達市,NA,NA,3,2,NA,NA,NA,NA,NA,NA,NA,NA,NA,NA,10,3,5,3,10,10,10,10,10,NA,NA,NA,NA,NA,NA,1,300,支払う,500,支払う,100,NA,NA,NA,NA
341,161,7月19-20日,NA,男性,40代,道外,NA,埼玉県,4回目以上,4,1,NA,NA,NA,NA,NA,NA,NA,NA,NA,NA,8,6,7,8,8,10,10,10,10,NA,NA,NA,NA,NA,NA,1,100,支払う,300,支払わない,50,NA,NA,NA,NA
342,162,7月19-20日,NA,男性,60代,道内,伊達市,NA,NA,3,1,NA,NA,NA,NA,NA,NA,NA,NA,NA,NA,10,9,7,8,10,10,10,10,9,NA,NA,NA,NA,NA,NA,1,500,NA,1000,支払う,300,NA,NA,NA,NA
343,163,7月19-20日,NA,女性,60代,道内,室蘭市,NA,NA,3,1,NA,NA,NA,NA,NA,NA,NA,NA,NA,NA,8,8,8,8,8,10,5,10,10,NA,NA,NA,NA,NA,NA,1,100,支払う,300,支払う,50,NA,NA,NA,NA
344,164,7月19-20日,NA,男性,20代,道内,札幌市,NA,NA,4,1,NA,NA,NA,NA,NA,NA,NA,NA,NA,NA,8,10,6,7,8,10,10,10,10,NA,NA,NA,NA,NA,NA,2,300,支払わない,500,NA,100,NA,NA,NA,NA
345,165,7月19-20日,NA,男性,50代,道内,函館市,NA,NA,1,1,NA,NA,NA,NA,NA,NA,NA,NA,NA,NA,8,10,10,8,8,10,8,10,8,NA,NA,NA,NA,NA,NA,2,500,支払う,1000,NA,300,NA,NA,NA,NA
346,166,7月19-20日,NA,男性,30代,道内,恵庭市,NA,NA,1,1,NA,NA,NA,NA,NA,NA,NA,NA,NA,NA,8,8,5,5,8,8,10,10,8,NA,NA,NA,NA,NA,NA,2,100,NA,300,支払う,50,NA,NA,NA,NA
347,167,7月19-20日,NA,男性,50代,道外,NA,神奈川県,2,1,1,NA,NA,NA,NA,NA,NA,NA,NA,NA,NA,6,2,5,8,5,7,6,6,7,NA,NA,NA,NA,NA,NA,2,300,支払わない,500,NA,100,支払う,NA,NA,NA
348,168,7月19-20日,NA,女性,40代,道外,NA,岐阜県,NA,NA,2,NA,NA,NA,NA,NA,NA,NA,NA,NA,NA,7,3,1,4,5,10,10,10,10,NA,NA,NA,NA,NA,NA,1,1000,支払わない,1500,NA,500,支払わない,NA,NA,NA
349,169,7月19-20日,NA,男性,40代,道外,NA,岐阜県,NA,7,3回目以上,NA,NA,NA,NA,NA,NA,NA,NA,NA,NA,8,3,1,6,6,7,9,9,6,NA,NA,NA,NA,NA,NA,1,100,NA,300,支払う,50,NA,NA,NA,NA
350,170,7月19-20日,NA,男性,20代,道外,NA,京都府,2,3,1,NA,NA,NA,NA,NA,NA,NA,NA,NA,NA,8,7,4,7,7,8,8,7,7,NA,NA,NA,NA,NA,NA,1,1000,NA,1500,支払わない,500,支払う,NA,NA,NA
351,171,7月19-20日,NA,男性,70代以上,道外,NA,愛知県,4回目以上,7,3回目以上,NA,NA,NA,NA,NA,NA,NA,NA,NA,NA,10,10,NA,9,10,10,10,10,10,NA,NA,NA,NA,NA,NA,1,1000,NA,1500,NA,500,NA,NA,NA,NA
352,172,7月19-20日,NA,男性,20代,道外,NA,神奈川県,4回目以上,3,1,NA,NA,NA,NA,NA,NA,NA,NA,NA,NA,8,6,6,4,8,8,9,9,8,NA,NA,NA,NA,NA,NA,2,300,支払う,500,支払う,100,NA,NA,NA,NA
353,173,7月19-20日,NA,男性,50代,道内,釧路市,NA,NA,2,3回目以上,NA,NA,NA,NA,NA,NA,NA,NA,NA,NA,5,4,4,5,5,5,5,5,5,NA,NA,NA,NA,NA,NA,2,500,支払わない,1000,NA,300,NA,NA,NA,NA
354,174,7月19-20日,NA,女性,40代,道内,旭川市,NA,NA,4,1,NA,NA,NA,NA,NA,NA,NA,NA,NA,NA,10,8,8,10,10,10,10,10,10,NA,NA,NA,NA,NA,NA,1,500,支払う,1000,支払わない,300,NA,NA,NA,NA
355,175,7月19-20日,NA,女性,50代,道外,NA,東京都,4回目以上,2,1,NA,NA,NA,NA,NA,NA,NA,NA,NA,NA,8,7,5,8,8,9,8,8,8,NA,NA,NA,NA,NA,NA,2,1000,NA,1500,支払わない,500,支払う,NA,NA,NA
356,176,7月19-20日,NA,女性,30代,道外,NA,埼玉県,2,1,1,NA,NA,NA,NA,NA,NA,NA,NA,NA,NA,8,6,5,5,7,9,8,8,8,NA,NA,NA,NA,NA,NA,2,100,支払う,300,支払う,50,NA,NA,NA,NA
357,177,7月19-20日,NA,男性,50代,道内,恵庭市,NA,NA,2,1,NA,NA,NA,NA,NA,NA,NA,NA,NA,NA,10,3,5,5,7,10,10,10,7,NA,NA,NA,NA,NA,NA,1,300,支払わない,500,NA,100,NA,NA,NA,NA
358,178,7月19-20日,W,女性,30代,道外,NA,静岡県,1,4,1,NA,NA,NA,NA,NA,NA,NA,NA,NA,NA,8,2,2,2,5,10,10,10,5,NA,NA,NA,NA,NA,NA,2,1000,支払わない,1500,NA,500,支払う,NA,NA,NA
359,179,7月19-20日,NA,男性,50代,道外,NA,東京都,3,2,1,NA,NA,NA,NA,NA,NA,NA,NA,NA,NA,4,4,4,3,5,6,5,6,6,NA,NA,NA,NA,NA,NA,1,300,支払わない,500,NA,100,支払う,NA,NA,NA
360,180,7月19-20日,ｗ,女性,30代,道外,NA,大分県,3,3,1,NA,NA,NA,NA,NA,NA,NA,NA,NA,NA,10,10,5,5,10,10,5,5,5,NA,NA,NA,NA,NA,NA,2,1000,支払う,1500,NA,500,NA,NA,NA,NA
361,181,7月19-20日,NA,男性,20代,道外,NA,愛知県,4回目以上,3,1,NA,NA,NA,NA,NA,NA,NA,NA,NA,NA,10,9,6,5,7,10,10,10,4,NA,NA,NA,NA,NA,NA,2,100,支払う,300,支払う,50,NA,NA,NA,NA
362,182,7月19-20日,NA,男性,20代,道外,NA,東京都,3,3,1,NA,NA,NA,NA,NA,NA,NA,NA,NA,NA,10,3,3,3,8,10,10,10,10,NA,NA,NA,NA,NA,NA,1,500,支払う,1000,支払わない,300,支払う,NA,NA,NA
363,183,7月19-20日,ｗ,女性,50代,道外,NA,大分県,1,4,1,NA,NA,NA,NA,NA,NA,NA,NA,NA,NA,10,4,5,5,10,10,9,10,7,NA,NA,NA,NA,NA,NA,1,100,支払う,300,支払う,50,NA,NA,NA,NA
364,184,7月19-20日,NA,女性,50代,道外,NA,埼玉県,4回目以上,4,1,NA,NA,NA,NA,NA,NA,NA,NA,NA,NA,10,10,6,10,10,10,10,10,10,NA,NA,NA,NA,NA,NA,1,100,支払う,300,支払う,50,NA,NA,NA,NA
365,185,7月19-20日,NA,男性,60代,道外,NA,東京都,4回目以上,4,1,NA,NA,NA,NA,NA,NA,NA,NA,NA,NA,10,5,6,6,8,10,9,8,10,NA,NA,NA,NA,NA,NA,2,500,支払う,1000,支払う,300,NA,NA,NA,NA
366,186,7月19-20日,NA,女性,50代,道外,NA,千葉県,4回目以上,1,2,NA,NA,NA,NA,NA,NA,NA,NA,NA,NA,10,10,10,10,10,10,10,10,10,NA,NA,NA,NA,NA,NA,1,100,支払わない,300,NA,50,支払わない,NA,NA,NA
367,187,7月19-20日,NA,男性,30代,道内,中標津,NA,NA,3,1,NA,NA,NA,NA,NA,NA,NA,NA,NA,NA,10,5,5,10,7,10,10,10,7,NA,NA,NA,NA,NA,NA,1,300,支払う,500,支払う,100,NA,NA,NA,NA
368,188,7月19-20日,NA,女性,60代,道内,恵庭市,NA,NA,2,2,NA,NA,NA,NA,NA,NA,NA,NA,NA,NA,3,3,3,3,3,3,5,5,5,NA,NA,NA,NA,NA,NA,2,100,支払う,300,支払う,50,NA,NA,NA,NA
369,189,7月19-20日,NA,男性,60代,道内,恵庭市,NA,NA,2,2,NA,NA,NA,NA,NA,NA,NA,NA,NA,NA,6,4,2,6,3,8,8,8,2,NA,NA,NA,NA,NA,NA,2,300,NA,500,支払わない,100,支払わない,NA,NA,NA
370,190,7月19-20日,NA,NA,30代,道内,中標津,NA,NA,NA,NA,NA,NA,NA,NA,NA,NA,NA,NA,NA,NA,10,10,5,10,10,10,10,10,10,NA,NA,NA,NA,NA,NA,2,500,支払わない,1000,NA,300,支払わない,NA,NA,NA
371,191,7月19-20日,NA,男性,20代,道内,北見市,NA,NA,4,1,NA,NA,NA,NA,NA,NA,NA,NA,NA,NA,7,5,5,1,6,8,10,10,5,NA,NA,NA,NA,NA,NA,1,500,支払う,1000,支払わない,300,NA,NA,NA,NA
372,192,7月19-20日,NA,男性,40代,道内,北見市,NA,NA,2,3回目以上,NA,NA,NA,NA,NA,NA,NA,NA,NA,NA,10,6,3,8,10,10,10,10,10,NA,NA,NA,NA,NA,NA,1,500,支払う,1000,支払わない,300,NA,NA,NA,NA
373,193,7月19-20日,NA,女性,40代,道内,北見市,NA,NA,2,1,NA,NA,NA,NA,NA,NA,NA,NA,NA,NA,10,8,5,4,10,10,10,10,10,NA,NA,NA,NA,NA,NA,2,500,NA,1000,NA,300,支払わない,NA,NA,NA
374,194,7月19-20日,NA,男性,50代,道内,美幌町,NA,NA,3,NA,NA,NA,NA,NA,NA,NA,NA,NA,NA,NA,7,7,1,6,8,10,10,10,10,NA,NA,NA,NA,NA,NA,1,1000,NA,1500,支払わない,500,支払う,NA,NA,NA
375,195,7月19-20日,NA,男性,40代,道内,釧路市,NA,NA,2,1,NA,NA,NA,NA,NA,NA,NA,NA,NA,NA,2,5,2,2,2,5,6,10,2,NA,NA,NA,NA,NA,NA,2,1000,支払わない,1500,NA,500,支払わない,NA,NA,NA
376,196,7月19-20日,NA,男性,20代,道外,NA,東京都,2,1,1,NA,NA,NA,NA,NA,NA,NA,NA,NA,NA,8,4,5,7,7,8,4,8,6,NA,NA,NA,NA,NA,NA,1,300,支払う,500,支払わない,100,NA,NA,NA,NA
377,197,7月19-20日,NA,女性,40代,道内,NA,NA,NA,2,NA,NA,NA,NA,NA,NA,NA,NA,NA,NA,NA,4,5,2,5,5,7,9,10,10,NA,NA,NA,NA,NA,NA,1,1000,支払わない,1500,NA,500,支払わない,NA,NA,NA
378,198,7月19-20日,NA,男性,60代,道外,NA,宮城県,4回目以上,1,1,NA,NA,NA,NA,NA,NA,NA,NA,NA,NA,8,6,5,6,7,9,9,9,7,NA,NA,NA,NA,NA,NA,1,1000,支払う,1500,支払わない,500,NA,NA,NA,NA
379,199,7月19-20日,NA,女性,60代,道外,NA,東京都,3,2,1,NA,NA,NA,NA,NA,NA,NA,NA,NA,NA,10,8,NA,6,10,10,10,10,10,NA,NA,NA,NA,NA,NA,1,100,支払う,300,支払う,50,NA,NA,NA,NA
380,200,7月19-20日,NA,女性,30代,道外,NA,東京都,3,2,1,NA,NA,NA,NA,NA,NA,NA,NA,NA,NA,10,7,5,5,8,10,8,10,6,NA,NA,NA,NA,NA,NA,1,300,支払う,500,支払う,100,NA,NA,NA,NA
381,201,7月19-20日,NA,男性,40代,道内,旭川市,NA,NA,4,1,NA,NA,NA,NA,NA,NA,NA,NA,NA,NA,7,3,1,5,6,7,9,10,10,NA,NA,NA,NA,NA,NA,2,300,支払わない,500,NA,100,支払う,NA,NA,NA
382,202,7月19-20日,NA,女性,40代,道内,富良野市,NA,NA,4,2,NA,NA,NA,NA,NA,NA,NA,NA,NA,NA,8,3,5,3,5,10,10,10,10,NA,NA,NA,NA,NA,NA,1,500,支払う,1000,支払わない,300,NA,NA,NA,NA
383,203,7月19-20日,NA,男性,50代,道内,富良野市,NA,NA,4,1,NA,NA,NA,NA,NA,NA,NA,NA,NA,NA,8,8,2,3,7,9,9,9,10,NA,NA,NA,NA,NA,NA,1,1000,支払う,1500,支払わない,500,NA,NA,NA,NA
384,204,7月19-20日,NA,女性,60代,道内,北見市,NA,NA,2,NA,NA,NA,NA,NA,NA,NA,NA,NA,NA,NA,5,3,3,3,5,5,5,5,5,NA,NA,NA,NA,NA,NA,1,100,NA,300,支払わない,50,支払う,NA,NA,NA
385,205,7月19-20日,NA,女性,50代,道内,北見市,NA,NA,2,1,NA,NA,NA,NA,NA,NA,NA,NA,NA,NA,10,5,5,8,10,10,9,10,6,NA,NA,NA,NA,NA,NA,2,1000,支払う,1500,支払わない,500,支払う,NA,NA,NA
386,206,7月19-20日,NA,男性,10代,道外,NA,大阪府,4回目以上,3,2,NA,NA,NA,NA,NA,NA,NA,NA,NA,NA,10,5,1,10,10,10,10,10,10,NA,NA,NA,NA,NA,NA,2,500,支払わない,1000,NA,300,支払う,NA,NA,NA
387,207,7月19-20日,NA,女性,30代,道外,NA,大阪府,1,3,1,NA,NA,NA,NA,NA,NA,NA,NA,NA,NA,8,8,7,3,9,8,10,10,9,NA,NA,NA,NA,NA,NA,1,500,支払う,1000,支払わない,300,NA,NA,NA,NA
388,208,7月19-20日,NA,男性,50代,道内,札幌市,NA,NA,3,3回目以上,NA,NA,NA,NA,NA,NA,NA,NA,NA,NA,1,1,5,5,3,1,8,1,1,NA,NA,NA,NA,NA,NA,1,500,支払わない,1000,NA,300,支払わない,NA,NA,NA
389,209,7月19-20日,NA,男性,40代,道内,札幌市,NA,NA,4,1,NA,NA,NA,NA,NA,NA,NA,NA,NA,NA,10,10,5,10,10,10,10,10,10,NA,NA,NA,NA,NA,NA,1,100,支払う,300,支払わない,50,NA,NA,NA,NA
390,210,7月19-20日,NA,男性,20代,道内,網走市,NA,NA,3,3回目以上,NA,NA,NA,NA,NA,NA,NA,NA,NA,NA,10,8,10,10,10,10,10,10,10,NA,NA,NA,NA,NA,NA,1,100,支払う,300,支払う,50,NA,NA,NA,NA
391,211,7月19-20日,NA,男性,30代,道外,NA,大阪府,4回目以上,3,1,NA,NA,NA,NA,NA,NA,NA,NA,NA,NA,6,5,5,3,7,8,7,8,1,NA,NA,NA,NA,NA,NA,1,100,支払う,300,支払う,50,支払わない,NA,NA,NA
392,212,7月19-20日,NA,女性,40代,道内,札幌市,NA,NA,4,NA,NA,NA,NA,NA,NA,NA,NA,NA,NA,NA,10,5,5,8,8,10,5,10,10,NA,NA,NA,NA,NA,NA,2,300,支払わない,500,NA,100,支払う,NA,NA,NA
393,213,7月19-20日,NA,男性,30代,道外,NA,神奈川県,4回目以上,3,2,NA,NA,NA,NA,NA,NA,NA,NA,NA,NA,7,6,6,4,7,9,9,9,7,NA,NA,NA,NA,NA,NA,1,1000,支払わない,1500,NA,500,支払う,NA,NA,NA
394,214,7月19-20日,NA,男性,40代,道外,NA,埼玉県,2,2,1,NA,NA,NA,NA,NA,NA,NA,NA,NA,NA,10,5,5,5,8,10,10,5,5,NA,NA,NA,NA,NA,NA,2,500,支払う,1000,支払わない,300,NA,NA,NA,NA
395,215,7月19-20日,NA,男性,10代,道内,札幌市,NA,NA,4,1,NA,NA,NA,NA,NA,NA,NA,NA,NA,NA,6,4,3,3,7,9,10,10,7,NA,NA,NA,NA,NA,NA,1,300,支払う,500,支払わない,100,支払う,NA,NA,NA
396,216,7月19-20日,NA,男性,30代,道内,NA,NA,NA,2,1,NA,NA,NA,NA,NA,NA,NA,NA,NA,NA,10,2,5,10,10,10,10,10,10,NA,NA,NA,NA,NA,NA,2,1000,支払わない,1500,NA,500,支払う,NA,NA,NA
397,217,7月19-20日,NA,女性,30代,NA,NA,NA,1,2,NA,NA,NA,NA,NA,NA,NA,NA,NA,NA,NA,10,5,1,3,8,8,10,10,10,NA,NA,NA,NA,NA,NA,2,500,支払う,1000,支払わない,300,NA,NA,NA,NA
398,218,7月19-20日,NA,女性,50代,道内,札幌市,NA,NA,3,3回目以上,NA,NA,NA,NA,NA,NA,NA,NA,NA,NA,10,10,4,10,10,10,10,10,10,NA,NA,NA,NA,NA,NA,2,1000,NA,1500,支払わない,500,支払わない,NA,NA,NA
